		TARA_004_DCM_0.22-1.6	TARA_004_SRF_0.22-1.6	TARA_007_DCM_0.22-1.6	TARA_007_SRF_0.22-1.6	TARA_009_DCM_0.22-1.6	TARA_009_SRF_0.22-1.6	TARA_018_DCM_0.22-1.6	TARA_018_SRF_0.22-1.6	TARA_023_DCM_0.22-1.6	TARA_023_SRF_0.22-1.6	TARA_025_DCM_0.22-1.6	TARA_025_SRF_0.22-1.6	TARA_030_DCM_0.22-1.6	TARA_030_SRF_0.22-1.6	TARA_031_SRF_0.22-1.6	TARA_032_DCM_0.22-1.6	TARA_032_SRF_0.22-1.6	TARA_033_SRF_0.22-1.6	TARA_034_DCM_0.22-1.6	TARA_034_SRF_0.22-1.6	TARA_036_DCM_0.22-1.6	TARA_036_SRF_0.22-1.6	TARA_037_MES_0.22-1.6	TARA_038_DCM_0.22-1.6	TARA_038_MES_0.22-1.6	TARA_038_SRF_0.22-1.6	TARA_039_DCM_0.22-1.6	TARA_039_MES_0.22-1.6	TARA_041_DCM_0.22-1.6	TARA_041_SRF_0.22-1.6	TARA_042_DCM_0.22-1.6	TARA_042_SRF_0.22-1.6	TARA_045_SRF_0.22-1.6	TARA_048_SRF_0.22-1.6	TARA_052_DCM_0.22-1.6	TARA_052_SRF_0.22-1.6	TARA_056_MES_0.22-3	TARA_056_SRF_0.22-3	TARA_057_SRF_0.22-3	TARA_058_DCM_0.22-3	TARA_062_SRF_0.22-3	TARA_064_DCM_0.22-3	TARA_064_MES_0.22-3	TARA_064_SRF_0.22-3	TARA_065_DCM_0.22-3	TARA_065_MES_0.22-3	TARA_065_SRF_0.22-3	TARA_066_DCM_0.22-3	TARA_066_SRF_0.22-3	TARA_067_SRF_0.22-3	TARA_068_DCM_0.22-3	TARA_068_MES_0.22-3	TARA_068_SRF_0.22-3	TARA_070_MES_0.22-3	TARA_070_SRF_0.22-3	TARA_072_DCM_0.22-3	TARA_072_MES_0.22-3	TARA_072_SRF_0.22-3	TARA_076_DCM_0.22-3	TARA_076_MES_0.22-3	TARA_076_SRF_0.22-3	TARA_078_DCM_0.22-3	TARA_078_MES_0.22-3	TARA_078_SRF_0.22-3	TARA_082_DCM_0.22-3	TARA_082_SRF_0.22-3	TARA_084_SRF_0.22-3	TARA_085_DCM_0.22-3	TARA_085_MES_0.22-3	TARA_085_SRF_0.22-3	TARA_093_DCM_0.22-3	TARA_093_SRF_0.22-3	TARA_094_SRF_0.22-3	TARA_096_SRF_0.22-3	TARA_098_DCM_0.22-3	TARA_098_MES_0.22-3	TARA_098_SRF_0.22-3	TARA_099_SRF_0.22-3	TARA_100_DCM_0.22-3	TARA_100_DCM_0.22-3	TARA_100_SRF_0.22-3	TARA_102_DCM_0.22-3	TARA_102_MES_0.22-3	TARA_102_SRF_0.22-3	TARA_109_DCM_0.22-3	TARA_109_MES_0.22-3	TARA_109_SRF_0.22-3	TARA_110_DCM_0.22-3	TARA_110_MES_0.22-3	TARA_110_SRF_0.22-3	TARA_111_DCM_0.22-3	TARA_111_MES_0.22-3	TARA_111_SRF_0.22-3	TARA_112_DCM_0.22-3	TARA_112_MES_0.22-3	TARA_112_SRF_0.22-3	TARA_122_DCM_0.22-3	TARA_122_MES_0.22-3	TARA_122_SRF_0.22-3	TARA_123_MIX_0.22-3	TARA_123_SRF_0.22-3	TARA_124_MIX_0.22-3	TARA_124_SRF_0.22-3	TARA_125_MIX_0.22-3	TARA_125_SRF_0.22-3	TARA_128_DCM_0.22-3	TARA_128_SRF_0.22-3	TARA_132_DCM_0.22-3	TARA_132_MES_0.22-3	TARA_132_SRF_0.22-3	TARA_133_DCM_0.22-3	TARA_133_MES_0.22-3	TARA_133_SRF_0.22-3	TARA_137_DCM_0.22-3	TARA_137_MES_0.22-3	TARA_137_SRF_0.22-3	TARA_138_DCM_0.22-3	TARA_138_MES_0.22-3	TARA_138_SRF_0.22-3	TARA_140_SRF_0.22-3	TARA_141_SRF_0.22-3	TARA_142_DCM_0.22-3	TARA_142_MES_0.22-3	TARA_142_SRF_0.22-3	TARA_145_MES_0.22-3	TARA_145_SRF_0.22-3	TARA_146_MES_0.22-3	TARA_146_SRF_0.22-3	TARA_148_SRF_0.22-3	TARA_148b_MES_0.22-3	TARA_149_MES_0.22-3	TARA_149_SRF_0.22-3	TARA_150_DCM_0.22-3	TARA_150_SRF_0.22-3	TARA_151_DCM_0.22-3	TARA_151_SRF_0.22-3	TARA_152_MES_0.22-3	TARA_152_MIX_0.22-3	TARA_152_SRF_0.22-3	TARA_155_DCM_0.22-3	TARA_155_MES_0.22-3	TARA_155_SRF_0.22-3	TARA_158_DCM_0.22-3	TARA_158_MES_0.22-3	TARA_158_SRF_0.22-3	TARA_163_MES_0.22-3	TARA_163_SRF_0.22-3	TARA_168_DCM_0.22-3	TARA_168_MIX_0.22-3	TARA_168_SRF_0.22-3	TARA_173_DCM_0.22-3	TARA_173_DCM_0.22-3	TARA_173_SRF_0.22-3	TARA_175_SRF_0.22-3	TARA_175_ZZZ_0.22-3	TARA_178_SRF_0.22-3	TARA_180_SRF_0.22-3	TARA_180_DCM_0.22-3	TARA_188_DCM_0.22-3	TARA_188_SRF_0.22-3	TARA_189_DCM_0.22-3	TARA_189_MES_0.22-3	TARA_189_SRF_0.22-3	TARA_191_SRF_0.22-3	TARA_193_SRF_0.22-3	TARA_194_DCM_0.22-3	TARA_194_SRF_0.22-3	TARA_196_SRF_0.22-3	TARA_201_DCM_0.22-3	TARA_201_MES_0.22-3	TARA_201_SRF_0.22-3	TARA_205_MES_0.22-3	TARA_205_SRF_0.22-3	TARA_206_MES_0.22-3	TARA_206_SRF_0.22-3	TARA_208_SRF_0.22-3	TARA_209_MES_0.22-3	TARA_209_SRF_0.22-3	TARA_210_MES_0.22-3	TARA_210_SRF_0.22-3
Gene_ID	taxonomy	TARA_X000000368	TARA_X000000263	TARA_A200000159	TARA_A200000113	TARA_X000001036	TARA_X000000950	TARA_S200000501	TARA_A100000164	TARA_E500000081	TARA_E500000075	TARA_E500000331	TARA_E500000178	TARA_A100001011	TARA_A100001015	TARA_A100001403	TARA_A100001037	TARA_A100001035	TARA_A100001234	TARA_B100000029	TARA_B100000003	TARA_B100000035	TARA_B100000034	TARA_B100000315	TARA_B100000073	TARA_Y100000294	TARA_B100000066	TARA_B100000085	TARA_B100000097	TARA_B100000287	TARA_B100000282	TARA_B100000131	TARA_B100000123	TARA_B100000161	TARA_B100000242	TARA_B100000214	TARA_B100000212	TARA_B100000378	TARA_B000000609	TARA_B000000565	TARA_B000000557	TARA_B000000532	TARA_B100000405	TARA_B100000408	TARA_B100000401	TARA_B000000441	TARA_B000000460	TARA_B000000437	TARA_B000000477	TARA_B000000475	TARA_B100000497	TARA_B100000482	TARA_B100000470	TARA_B100000475	TARA_B100000446	TARA_B100000459	TARA_B100000427	TARA_B100000508	TARA_B100000424	TARA_B100000519	TARA_B100000749	TARA_B100000513	TARA_B100000530	TARA_B100000745	TARA_B100000524	TARA_B100000767	TARA_B100000768	TARA_B100000780	TARA_B100000795	TARA_B100000809	TARA_B100000787	TARA_B100001059	TARA_B100001063	TARA_B100001057	TARA_B100000989	TARA_B100001029	TARA_B100001013	TARA_B100001027	TARA_B100000886	TARA_B100000965	TARA_B100000959	TARA_B100000963	TARA_B100000902	TARA_B100000953	TARA_B100000900	TARA_B100000927	TARA_B100000929	TARA_B100000925	TARA_B100001113	TARA_B100001079	TARA_B100001109	TARA_B100000581	TARA_B100000585	TARA_B100000578	TARA_B100000945	TARA_B100000949	TARA_B100000941	TARA_B100000700	TARA_B100000678	TARA_B100001115	TARA_B100000686	TARA_B100000683	TARA_B100000676	TARA_B100000674	TARA_B100001123	TARA_B100001121	TARA_B100000614	TARA_B100000609	TARA_B100001250	TARA_B100001245	TARA_B100001248	TARA_B100001094	TARA_B100001105	TARA_B100001093	TARA_B100001964	TARA_B100001971	TARA_B100001287	TARA_B100001996	TARA_B100002003	TARA_B100001989	TARA_B100002019	TARA_B100001939	TARA_B100002052	TARA_B100002049	TARA_B100002051	TARA_B100001146	TARA_B100001142	TARA_B100001167	TARA_B100001540	TARA_B100001741	TARA_B100001750	TARA_B100001765	TARA_B100001758	TARA_B100001778	TARA_B100001769	TARA_B100001559	TARA_B100001564	TARA_B100001179	TARA_B100002029	TARA_B100001173	TARA_B110001437	TARA_B110001440	TARA_B110001435	TARA_B110001446	TARA_B110001449	TARA_B110001444	TARA_B110000200	TARA_B110001467	TARA_B110000044	TARA_B110000035	TARA_B110000023	TARA_B110000085	TARA_B110000091	TARA_B110000083	TARA_B110000110	TARA_B110000112	TARA_B110000204	TARA_B110000501	TARA_B110000206	TARA_B110000235	TARA_B110000233	TARA_B110000255	TARA_B110000257	TARA_B110000253	TARA_B110000283	TARA_B110000975	TARA_B110000966	TARA_B110000969	TARA_B110000303	TARA_B110000906	TARA_B110000913	TARA_B110000901	TARA_B110000878	TARA_B110000875	TARA_B110000494	TARA_B110000481	TARA_B110000857	TARA_B110000465	TARA_B110000457	TARA_B110000436	TARA_B110000442
OM-RGC.v2.000774883	Biota; Bacteria; Bacteroidetes	1.614370247543E-8	7.5890263744787E-8	5.7059200141147E-9	2.3040345859967E-8	7.5014717928122E-9	2.7690971303579E-6	4.1495730072414E-8	9.321516327713E-8	2.2678258480019E-8	8.1963416825949E-8	2.8798724956655E-8	6.3486989428581E-8	3.6710698219111E-8	1.1093487105212E-7	0	0	0	0	0	0	0	0	0	0	0	0	0	0	0	2.9406713846947E-9	0	1.0061585762712E-8	0	0	4.0220930084952E-9	1.8667871938667E-8	1.2936458298949E-9	8.2853994911753E-9	0	0	7.9798973730472E-9	0	0	4.9073478867137E-9	8.6680457712348E-9	0	5.4936385405118E-9	5.7723479521766E-9	0	0	0	0	0	0	0	2.0490502620796E-8	0	1.9062622594891E-9	2.0241062960326E-9	0	2.0767785553823E-8	9.2179269236527E-8	2.2186896914012E-9	4.4833848008772E-8	0	0	0	0	0	0	0	0	4.6490482792856E-7	0	0	0	0	0	0	0	1.3842145941782E-8	1.1269531908757E-9	0	3.7275973558213E-9	5.3922661302523E-8	0	6.8936925381454E-8	3.6123328242586E-8	8.5609292200995E-9	5.8479204184304E-8	1.7857725553089E-9	0	3.5547245174668E-9	0	0	0	1.7487292297438E-9	1.1410611717802E-8	1.8640072783797E-8	0	2.3815653304738E-8	6.1883040782977E-9	3.2237493980648E-8	0	2.1649636375353E-8	4.3876728587129E-8	9.4683487462717E-8	3.0389720421282E-9	0	2.3518093168006E-8	0	0	0	0	0	1.027663037532E-7	0	0	2.87063373943E-8	4.9738141049681E-8	5.9858760866781E-8	0	0	0	0	2.2463697270861E-9	0	0	0	0	0	0	3.6225148535603E-8	1.203561037476E-8	9.8063242023677E-9	3.5326787319949E-8	0	2.5426318153998E-8	1.2436050126843E-8	3.6764347979004E-9	0	0	0	0	0	0	0	0	0	0	0	0	0	0	0	0	0	0	0	0	0	0	0	0	0	0	0	0	0	0	0	0	0	0	0	0	0	0	0	0
OM-RGC.v2.000798319	Biota; Bacteria; Bacteroidetes	0	0	0	0	0	0	0	0	4.091709947213E-9	0	1.6661404357457E-9	0	2.4527812999096E-9	1.3959892977702E-9	0	0	0	0	0	0	0	0	0	0	0	1.3885185260448E-8	0	0	0	0	2.9376048498313E-9	5.6157218266114E-9	3.2218440909282E-9	2.7438301332108E-9	1.2224399393846E-7	6.8235338729675E-8	7.9695992614584E-9	2.8891205053723E-8	1.5092269414702E-8	5.666942635192E-9	2.140688136587E-9	3.2550261755011E-9	0	2.1322369372558E-8	2.840191388383E-8	0	9.6063641776927E-9	0	8.6851507645086E-9	0	0	0	0	0	7.1739913830131E-8	0	0	5.9448806986752E-9	0	0	0	1.8625881231524E-9	2.0161253387098E-9	8.5423533773586E-9	0	0	0	0	0	0	0	0	2.9512606749062E-8	0	0	0	4.6255148346193E-9	0	1.6782802316893E-7	0	4.9986527231902E-7	4.2408040403996E-9	0	9.4092201345898E-9	3.2048793555542E-8	0	7.52869518434E-8	1.3330914419346E-8	5.1043635614662E-9	3.3590427797613E-8	1.7111721000654E-7	0	5.057475825646E-7	0	0	2.0225219064682E-9	4.1650844187572E-8	3.8364682976131E-9	3.5516842140985E-8	0	7.2065548311632E-9	1.8291719747488E-8	2.3042592757825E-8	0	2.1797549574783E-8	3.5536098671689E-8	4.9279352980361E-8	0	0	0	0	0	0	0	0	6.1949826349857E-8	2.1334663900432E-8	0	4.2069354439917E-9	0	2.9317213397144E-9	0	0	0	0	0	0	0	0	0	0	4.3131782822284E-9	0	0	0	0	0	0	0	0	0	0	0	0	0	0	0	0	0	0	0	0	0	0	0	0	0	0	0	0	0	0	0	0	0	0	0	0	0	0	0	0	0	0	0	0	0	0	0	0
OM-RGC.v2.000863005	Biota; Bacteria; Bacteroidetes	0	0	0	0	0	0	0	0	0	0	0	0	0	0	0	0	0	0	0	0	0	0	0	0	0	0	0	0	0	0	0	0	0	0	0	0	3.5936593746147E-10	0	0	0	0	0	1.9104573706348E-8	0	0	0	0	0	0	0	0	0	0	0	0	0	0	0	0	2.389453506548E-9	0	0	1.1987594950456E-9	0	0	0	0	0	0	0	0	0	0	0	0	4.4549965723015E-9	0	0	0	0	0	0	0	0	0	0	0	0	2.0682718315595E-9	0	0	0	0	0	5.5445152957303E-9	0	2.2438258877433E-7	1.5069610178544E-8	0	5.6982710699505E-8	0	6.7461703016664E-8	0	1.5646598595497E-8	0	0	0	0	2.3605635520833E-8	0	0	0	0	0	0	0	0	0	0	0	0	0	0	0	4.9317055613903E-9	0	6.3055970275857E-9	0	0	0	5.220127000502E-9	0	0	0	0	0	2.2811918769809E-8	0	0	0	4.3331901908278E-9	0	0	0	0	0	0	0	0	0	0	0	0	0	0	0	0	0	0	0	0	0	0	0	0	0	0	0	0	0	0	0	0	0	0	0	0	0	0	0
OM-RGC.v2.000867392	Biota; Bacteria; Bacteroidetes	0	0	0	0	0	0	0	0	0	0	0	0	0	0	0	0	0	5.1880968036863E-9	0	5.4727091922011E-9	0	0	0	0	0	0	1.8738846190423E-9	0	0	4.6270756496353E-10	0	3.9827617537866E-9	1.9390898792977E-8	0	0	1.5542685763639E-8	0	8.2333251510305E-10	4.4461204971246E-9	8.6980013526582E-9	2.1098622274041E-9	1.1305790916239E-8	0	9.984055388644E-9	0	0	7.1546845341526E-9	5.1580790966239E-9	0	0	0	0	0	0	0	0	0	3.9279376761462E-9	0	0	8.1079507878648E-9	0	0	0	0	0	0	0	0	0	0	0	0	0	0	0	0	2.2923094433775E-9	0	0	4.7038644820642E-8	0	0	0	1.2709454949234E-8	0	1.8723371955604E-8	7.1292640260812E-8	1.2055175159075E-8	6.1768112001364E-8	0	0	6.4493091989753E-9	2.2384365836877E-9	0	6.229367471922E-9	3.8391212903556E-9	1.1836418142987E-8	1.1707593991291E-7	7.7686061694096E-9	1.9012721880776E-7	3.5554252100403E-8	1.1343963898498E-7	0	1.8350630176114E-7	1.0596943754491E-7	1.0588542208215E-7	0	0	0	0	0	0	0	0	2.5560380277344E-8	4.3672798699976E-9	0	0	5.237234654132E-9	0	0	0	0	0	0	0	0	0	0	0	0	0	0	0	0	0	0	0	0	0	0	0	0	0	0	0	0	0	0	0	0	0	0	0	0	0	0	0	0	0	0	0	0	0	0	0	0	0	0	0	0	0	0	0	0	0	0	0	0
OM-RGC.v2.000875027	Biota; Bacteria; Bacteroidetes	0	0	0	0	3.0563338985599E-9	0	3.0988156548971E-9	3.0185863378625E-9	8.4667388892808E-9	0	6.7066484999043E-9	0	0	0	0	0	0	0	0	8.1214393696135E-10	0	0	0	0	0	0	0	0	0	0	0	0	0	0	0	0	0	0	0	3.8902340229603E-9	0	2.1764662389878E-10	0	8.2017181817001E-9	3.5903421548129E-9	0	1.362931524027E-8	0	0	0	0	0	0	0	0	9.4757212304625E-10	0	0	0	0	0	0	0	0	0	0	0	0	0	0	0	0	0	0	7.2445317417485E-8	0	0	0	0	0	0	0	0	0	0	0	0	0	0	0	1.2556740652841E-8	0	0	7.5859052574058E-7	5.5692308171309E-9	7.4141505869278E-9	0	1.2294858867117E-9	0	0	0	0	2.2311651288047E-9	0	0	0	4.8096106186097E-9	0	0	0	0	0	0	0	0	0	0	0	0	0	0	1.9353262504433E-8	0	0	0	0	0	0	1.2204533374248E-9	0	0	0	0	0	1.7818551086876E-9	0	0	0	0	0	9.104732035013E-10	0	0	0	0	0	0	0	0	0	0	0	0	0	0	0	0	0	0	0	0	0	0	0	0	0	0	0	0	0	0	0	0	0	0	0	0	0	0	0
OM-RGC.v2.000877236	Biota; Bacteria; Bacteroidetes	0	2.0325117734134E-9	0	1.3051065867044E-6	0	2.0329856298109E-8	0	0	0	0	0	0	0	0	0	0	0	0	1.0388886134024E-9	0	0	0	0	0	0	0	0	0	0	0	1.5147025006905E-9	0	0	8.6619637496495E-10	0	0	0	0	0	0	0	0	0	0	0	0	0	0	0	0	0	0	0	0	0	0	0	0	0	0	0	0	0	0	0	0	0	0	0	0	0	0	0	0	0	0	0	0	0	0	0	0	5.3703281888796E-10	4.6252853793003E-8	8.3499981886876E-9	0	0	0	1.6519828808992E-8	2.7218712376352E-8	0	0	0	0	0	0	0	0	0	0	0	0	0	0	0	0	0	0	0	0	0	0	0	0	0	0	0	0	0	0	0	0	0	0	0	0	0	0	0	0	0	0	0	0	0	0	0	0	0	0	0	0	0	0	0	0	0	0	0	0	0	0	0	0	0	0	0	0	0	0	0	0	0	0	0	0	0	0	0	0	0	0	0	0	0	0	0	0	0	0
OM-RGC.v2.000879479	Biota; Bacteria; Bacteroidetes	0	0	0	0	0	0	0	0	0	0	0	0	0	0	0	0	1.2716429439465E-10	4.3855062657989E-9	1.0388886134024E-9	0	0	0	0	2.9441250645105E-9	0	0	0	0	5.4116532156086E-9	4.6684810419007E-10	1.3435411181167E-8	0	0	0	2.865303690892E-9	0	0	0	8.7979594212088E-9	0	4.4151692816995E-9	0	0	0	0	0	0	2.9391883036492E-8	1.1532153310312E-8	0	2.4237808862879E-8	4.49363691148E-9	2.6499675896028E-9	0	1.1033823435797E-8	4.6025636729218E-9	0	0	0	0	0	0	0	0	0	0	0	0	0	0	0	0	0	0	3.234646587119E-9	0	3.2018225546103E-9	0	6.9411450689994E-8	3.8173150309637E-9	0	2.9756672680325E-9	5.3703281888796E-10	3.8576848269807E-9	8.2360349588135E-8	1.9406224587418E-9	5.6439682271054E-8	2.7735893439146E-8	1.2400274521621E-8	1.8481587935322E-8	0	5.0613716508446E-8	0	0	0	2.08572571604E-9	0	1.2196796241656E-8	2.3829973561761E-8	1.9165969167911E-9	0	1.7176650837238E-8	2.6314750917954E-8	2.0972188128897E-9	1.9206019458131E-8	1.6487223693532E-8	6.8022760504885E-9	1.1332291513899E-6	0	0	0	0	0	0	0	1.6304205225412E-8	0	0	0	0	0	0	0	4.31730552782E-9	0	0	0	0	0	0	0	0	0	0	0	0	0	0	0	0	0	0	1.7481120245996E-8	0	0	0	0	0	0	0	0	0	0	0	0	0	0	0	0	0	0	0	0	0	0	0	0	0	0	0	0	0	0	0	0	0	0	0	0	0
OM-RGC.v2.000913641	Biota; Bacteria; Proteobacteria; Alphaproteobacteria; Pelagibacterales; Pelagibacteraceae; Candidatus Pelagibacter; Candidatus Pelagibacter ubique	0	0	0	8.8870995233088E-9	1.6074779528903E-9	0	2.599897463532E-9	0	0	0	0	0	0	0	0	0	0	0	0	0	0	0	0	0	0	0	0	0	0	0	0	0	0	0	0	0	0	0	0	0	0	0	0	0	0	0	0	9.1777467750486E-9	6.3970341222845E-9	4.5245787901328E-7	0	0	0	0	0	0	0	0	0	0	0	0	0	0	3.5556138125425E-7	3.4435653308049E-7	0	0	0	0	8.34271587614E-9	1.2997407128668E-8	9.9122477447827E-9	0	0	0	0	0	0	0	0	5.3314208559553E-9	0	3.9300008321668E-9	0	0	0	0	0	0	0	0	0	0	0	0	0	0	0	0	0	0	0	0	0	0	0	0	0	0	1.1514601121766E-8	0	1.8981702349325E-8	0	0	0	0	0	0	0	0	0	0	0	0	8.8102417404419E-9	0	0	0	0	0	0	0	0	2.2330009276113E-9	0	0	2.0115462526695E-9	0	1.9380301083847E-9	0	1.1747215681944E-8	2.705918053955E-8	5.6363743518348E-9	2.6330694625341E-8	7.5848054120877E-9	1.0796525801284E-8	2.1966660299316E-7	3.6114184413858E-7	5.6878170128178E-7	0	2.4361422062501E-8	2.6701509248812E-8	0	2.3284546271514E-9	2.2789789175068E-8	1.3485026316809E-8	7.3462622911703E-9	2.3099536622675E-8	1.6335364791319E-8	0	4.9197150965248E-9	9.8652019054259E-9	7.1463820290606E-8	2.4801888681163E-8	2.7328858467545E-8	2.6676258547887E-8	3.7417461746778E-8	1.7963002820556E-8	4.8628299015415E-9	0	4.7277018239987E-8	0	1.1090582183303E-8	0	6.2786405914197E-9	1.0833023320595E-8	1.8636036267039E-8	9.082449487147E-9	5.5262485988636E-9
OM-RGC.v2.000941294	Biota; Bacteria	0	0	0	0	0	0	0	0	0	0	0	0	0	0	0	0	0	0	0	0	8.2718142442448E-9	0	4.5235418009214E-7	0	0	0	0	0	0	0	0	0	0	0	0	0	2.1130466808834E-7	0	0	0	0	0	2.2387002364727E-7	0	0	3.4993173444805E-7	0	0	0	0	0	1.2320706918647E-7	0	9.5545442612555E-8	0	0	8.2551407253151E-8	0	0	1.6204886893661E-7	0	0	2.6331208522574E-7	0	0	0	0	0	4.5814621701777E-8	0	0	0	0	0	0	1.6100329075681E-7	0	0	0	7.8012884498911E-9	0	0	5.2334370652751E-7	0	0	2.6976240801547E-7	0	0	1.6226576591299E-7	0	0	2.9727146846284E-7	0	0	9.8940677109053E-8	0	0	3.0250839867012E-7	0	0	0	0	0	0	0	0	0	0	2.7668809878339E-7	0	0	2.0971597354641E-7	0	7.3442346307751E-9	4.9288839870273E-7	0	0	2.7392936107015E-7	0	0	0	0	5.4041935335936E-7	0	8.0183651803434E-8	4.7393607159682E-9	3.0492966633531E-7	1.0430979817813E-8	0	5.0590075033773E-8	3.141825564636E-7	0	0	1.9639402691013E-9	1.0291138787181E-8	0	3.09066781217E-7	0	2.2085363411293E-9	0	9.3019481949959E-8	0	0	9.4748217369915E-9	0	0	0	0	0	0	0	0	0	0	2.3775617761896E-9	0	0	0	0	0	0	2.1816848818929E-9	0	0	0	0	0	0	0	0	0	0	0	3.7363089367378E-9	0	0	0	0	1.5338272017591E-9	0
OM-RGC.v2.001038973	Biota; Bacteria; Proteobacteria; Epsilonproteobacteria; Campylobacterales	8.0078317129431E-9	8.1445627600836E-8	8.006535859324E-9	3.2614602274288E-8	0	0	1.559242022938E-8	2.0045209092356E-8	0	0	1.7237742243894E-9	0	2.4834404947514E-8	1.9052180982252E-9	7.3984502061582E-9	4.0039684038843E-9	9.3352910235007E-9	0	0	1.1438794602971E-8	1.626025934624E-8	7.5476091014106E-9	0	1.1863961219408E-8	0	1.5231153263105E-8	1.9687038235974E-9	0	1.8395624264684E-9	0	3.200880756187E-9	2.9078713617021E-9	0	0	0	0	0	8.9681514646591E-9	6.0872003504047E-9	9.3239917952121E-9	3.0686394758259E-8	0	0	1.7200742324998E-8	1.2524302578531E-8	0	1.523956242904E-8	5.4743763996796E-9	6.2763353652753E-9	0	7.0721513821295E-9	0	0	0	6.3188416778235E-8	0	0	0	1.2680262131111E-8	0	1.2083808631055E-8	0	0	0	0	0	0	0	0	0	0	0	0	0	0	0	0	0	0	0	0	1.7471993036159E-7	0	3.765889946645E-7	8.1880885321598E-9	0	1.0631254241292E-8	1.9563355235619E-9	1.1651264651278E-9	7.9501044414515E-9	0	0	0	0	0	3.5480949162177E-9	0	0	0	0	0	0	0	0	2.0457453528263E-9	2.7851934185797E-9	7.6598266310921E-9	0	0	0	0	0	2.7578438098757E-9	0	0	0	0	0	2.2919860555663E-9	1.1043150667069E-8	8.4610285171651E-9	2.3555841143567E-9	0	8.2724790639613E-9	0	2.0244877360885E-9	0	4.3647050917198E-9	1.7540300937052E-8	0	0	5.4986919544311E-9	1.8462406441463E-8	3.8305975598494E-8	2.9854011104356E-8	8.0584118023253E-8	0	1.8583614286744E-8	8.6136389845222E-9	0	0	0	0	0	0	0	0	0	0	0	0	0	0	0	0	0	0	0	0	0	0	0	0	0	0	0	0	0	0	0	0	0	0	0	0	0	0	0	0	0
OM-RGC.v2.001199650	Biota; Bacteria	0	0	0	0	0	0	0	0	0	0	0	0	0	0	0	0	0	0	0	0	0	0	6.3210816871585E-7	0	2.3659565180124E-8	0	0	4.9644812339851E-9	0	0	0	0	0	0	0	0	0	0	0	0	0	0	0	0	0	0	0	0	0	0	0	0	0	0	0	0	0	0	0	0	0	0	0	0	0	0	0	0	0	0	0	0	0	0	0	0	0	0	0	0	0	0	0	0	0	0	0	0	0	0	0	0	0	0	0	0	0	0	0	0	0	0	0	0	0	0	0	0	0	0	0	0	0	1.9792252220312E-9	0	0	0	0	0	0	0	0	0	0	0	0	0	0	0	0	0	0	0	0	0	0	0	0	0	0	0	0	0	0	0	0	0	0	0	0	0	0	0	0	0	0	0	0	0	0	0	0	0	0	0	0	0	0	0	0	0	0	0	0	0	0	0	0	0	0
OM-RGC.v2.001202119	Biota; Bacteria	0	0	0	0	0	0	0	0	0	0	0	0	0	0	0	7.1982986686829E-8	0	0	9.7808587853367E-8	1.1115894296906E-8	0	0	4.3965455234647E-9	5.1144743312687E-9	0	0	1.660197919977E-10	0	2.1940797454943E-8	0	1.3666758905784E-8	0	0	0	0	0	0	0	0	0	0	0	0	0	5.9610861599162E-9	0	0	0	5.0092096890301E-9	0	0	0	3.3562111092105E-8	0	0	5.1479548437528E-9	1.3289546920626E-8	0	0	0	0	3.1398133255632E-8	0	0	0	0	0	0	0	0	0	0	0	0	0	0	0	0	6.4938851702456E-9	0	0	0	0	0	0	0	0	0	0	0	0	0	0	0	0	0	0	0	0	6.6015013407109E-8	5.4850549127025E-9	4.8376031306054E-7	5.2614552820932E-9	4.3152598768183E-9	0	6.747983362264E-9	5.3325666331176E-9	3.1122616544314E-8	0	0	0	0	0	0	0	0	8.9409968698334E-9	4.9884807248779E-9	0	0	0	0	0	0	0	0	0	6.9513141783515E-9	0	7.9008602009049E-9	0	0	0	1.5657945507528E-11	8.6097084694566E-9	0	1.8167384730397E-9	0	0	0	0	0	0	0	0	0	0	0	0	0	0	0	0	0	0	0	0	0	0	0	0	0	0	0	0	0	0	0	0	0	0	0	0	0	0	0	0	0	0	0
OM-RGC.v2.001241917	Biota; Bacteria; Proteobacteria; Alphaproteobacteria; Pelagibacterales; Pelagibacteraceae; Candidatus Pelagibacter; Candidatus Pelagibacter ubique	0	0	8.4728066664295E-9	0	3.2628860304166E-9	0	0	0	0	0	0	3.3079996195487E-9	0	0	0	0	0	0	0	0	0	0	0	0	0	0	0	0	0	0	0	0	0	0	0	0	0	0	0	0	0	0	0	0	0	0	0	0	0	1.0774924570137E-8	0	0	0	0	0	0	0	0	0	0	0	0	0	0	9.8785753911523E-9	1.3953969148347E-8	3.2086109129659E-8	8.9997113481283E-9	4.4532883069049E-9	1.107740395717E-7	0	0	0	0	0	0	0	0	0	0	0	0	0	0	0	0	0	0	0	0	0	0	0	0	0	0	0	0	0	0	0	0	0	0	0	0	0	0	0	0	8.7302154413178E-9	0	2.9184503545349E-9	0	0	0	0	0	0	0	0	0	0	0	7.2000795861235E-9	2.3200476639419E-8	0	0	0	0	0	0	0	3.9229135012658E-9	2.4633604242835E-9	0	0	0	0	3.3914656499496E-8	0	6.1442189073755E-8	1.8515391064613E-7	3.7719390778697E-8	1.4591010615466E-7	1.2595493904457E-7	1.1345135023316E-7	1.9036504089168E-7	3.8925074689734E-7	5.4554286969508E-7	3.3042734965445E-7	1.6362731097127E-7	1.8040291310004E-7	3.6032499064074E-7	7.6371330684644E-8	1.8883348757993E-7	1.8691339051157E-7	7.6560284232929E-8	1.1826834895032E-7	2.8673382048422E-7	3.440781777944E-7	8.2128536701364E-8	3.4410941540839E-7	3.4450639339654E-7	3.354449502413E-7	2.0490225074223E-7	3.0105972570533E-7	4.2784190287077E-7	3.4620997969515E-8	8.3868488340248E-8	6.6197135947624E-8	1.2799226382368E-7	9.4895626554298E-8	2.6995937542249E-7	6.5183796746624E-7	6.788471388542E-7	3.6246820023686E-7	4.6766128507784E-7	1.479730001724E-7	3.4355629220686E-7
OM-RGC.v2.001271736	Biota; Bacteria; Proteobacteria; Alphaproteobacteria; Pelagibacterales; Pelagibacteraceae; Candidatus Pelagibacter; Candidatus Pelagibacter ubique	4.728218865041E-8	2.1566979117357E-8	1.7087774518531E-8	6.0781531154336E-9	9.7098411130821E-9	1.3920820971608E-8	3.4991659995752E-9	0	0	4.612364094914E-8	0	4.5321967839301E-8	3.3023910242641E-8	1.0132633728467E-8	0	0	0	0	0	4.8383272995617E-9	0	0	0	0	0	0	0	0	1.1058362854958E-8	0	8.5392624200438E-9	0	0	0	1.1396563451247E-8	0	2.871032202301E-9	0	4.6577961164074E-9	9.2684286735969E-9	0	4.9153079831345E-9	0	4.0922182920777E-9	1.1734755620637E-8	0	0	1.1246799510476E-8	0	0	0	3.1537317537794E-9	6.3740178044555E-9	0	0	5.2429674331407E-9	0	1.1178501001448E-8	5.6634707636017E-9	0	6.252025454052E-9	0	0	1.1805895968204E-8	0	0	0	0	0	0	0	0	2.3703150425517E-8	3.114071886904E-7	3.0264406741842E-7	0	8.1858320221659E-7	4.7407821666745E-7	7.3313519062967E-8	5.6598740714297E-9	7.3964816165132E-9	9.065587894089E-9	0	2.0594045174178E-8	1.0272612793871E-8	0	9.012193506323E-9	7.1197738683383E-9	5.7708948406349E-9	4.0795782940742E-9	6.3292393604277E-8	0	3.7940540045214E-9	1.2191728845612E-7	6.2887455368026E-9	1.8013976326808E-7	1.0828976414094E-8	0	0	4.3219903627107E-9	0	0	0	4.6098720621921E-9	0	0	0	1.25800093786E-8	0	0	0	0	0	0	0	4.9346596175174E-9	3.5485558107444E-8	0	0	2.9991047873727E-8	0	1.2478610860868E-8	0	1.1602092401411E-9	0	0	0	3.1671940571585E-9	0	0	0	1.4797584722115E-8	1.3089654824897E-8	1.3293174945456E-8	1.4530968111805E-8	1.1398301143061E-8	0	1.248988795278E-8	2.8486783762375E-8	1.0339500789095E-9	0	1.1576034870571E-8	0	0	0	0	0	0	0	0	0	0	0	0	0	0	0	0	0	0	0	0	0	0	0	0	0	0	0	0	0	0	0	0	0	0	0	0	0	0
OM-RGC.v2.001314060	Biota; Bacteria; Proteobacteria; Gammaproteobacteria	1.3743770512409E-8	2.6174395465401E-7	1.6241161393498E-8	2.5743467048503E-8	2.0303590851259E-8	5.6813459879033E-8	1.3254571191762E-7	9.8518680897389E-8	0	0	0	0	0	2.8984523555375E-9	4.5137348164658E-7	1.7947223992347E-8	4.4136983675461E-7	2.7255005259698E-8	0	6.2611503470054E-9	0	0	0	3.7457169951762E-9	0	6.2117289799651E-9	3.3045623212451E-8	0	9.3943958797829E-8	3.2851975691727E-7	6.6420988301702E-8	2.5275269944058E-7	4.4484536747434E-7	4.0240306324588E-7	9.8206295245825E-8	1.9395906013638E-7	3.5462964442831E-8	1.8600509999513E-7	9.2166927864186E-8	1.3441518444733E-7	1.224010644966E-7	1.6365609571215E-7	8.8610025092454E-9	1.8973331408648E-7	6.091686227541E-9	4.8712246250951E-9	5.6843362294489E-9	0	0	0	0	0	1.4505075346434E-8	0	6.220832250352E-9	2.3454979732353E-8	2.9235721661425E-7	2.8154402301607E-7	3.5045807696594E-8	7.3332501681857E-10	1.3624602843065E-7	3.9156292643234E-8	8.7856249654033E-9	2.398393350677E-7	0	0	0	0	0	0	0	0	9.8596423149175E-8	1.7807773152689E-7	1.2784200504627E-8	0	1.979703165971E-8	2.8149618501945E-7	6.4764767959763E-9	0	3.8871998588223E-8	0	0	0	2.4904992102313E-8	0	4.2755930569105E-8	1.8813327559688E-8	0	3.5801756800357E-8	6.9817653447298E-10	0	3.0351277439748E-8	2.9431301415485E-8	0	2.4563950347727E-7	2.2099195147421E-9	2.0346983649861E-8	1.06760538581E-7	0	0	1.5408052645992E-8	3.0462976877973E-8	0	1.5701338298358E-8	1.2803637506244E-8	3.3249799140351E-8	0	4.5813386295268E-9	5.0876289620825E-7	0	0	1.4864310704013E-9	0	0	5.1302338391005E-8	0	0	8.403522384214E-7	0	8.7018941854067E-9	5.1873042138795E-8	0	6.1989030672347E-8	0	0	0	2.8159449734639E-8	2.0249370627774E-8	0	0	5.0661568636854E-9	9.4026079211525E-8	1.3721964113714E-7	1.3474873783954E-8	9.28964263946E-8	0	4.6131275182724E-8	5.5967055957476E-8	0	0	0	0	0	0	0	0	0	0	0	0	0	0	0	0	0	0	0	0	0	0	0	0	0	0	0	0	0	0	0	0	0	0	0	0	0	0	0	0	0
OM-RGC.v2.001347361	Biota; Bacteria	0	1.4267049506536E-9	0	0	0	0	1.764292558595E-9	0	0	0	0	0	0	0	4.311860895442E-9	0	0	0	0	0	3.6433783405077E-9	5.470403861556E-9	0	1.0455776857504E-8	0	3.2044706976334E-8	8.6050179475475E-9	0	4.4831865836073E-9	1.5660156393382E-8	8.87382634259E-10	2.4360717976509E-8	6.832451573013E-8	3.0366193314198E-8	2.8591739936345E-8	2.5259617291374E-8	4.7323452618916E-9	2.3749976396927E-8	3.1021309477946E-10	8.5625880318025E-9	0	1.8237294993183E-8	0	2.2647968245099E-8	2.0548359468077E-9	0	7.0228273672611E-9	5.1172891109752E-9	0	0	0	0	0	0	0	5.3415531455578E-9	2.0115586273172E-8	5.8856698826478E-8	2.8957432476955E-8	0	5.6787239595708E-8	4.3138359652311E-8	7.2620845919697E-9	5.4839572998341E-8	0	0	0	0	0	0	0	0	1.505501396909E-9	0	2.1761714320762E-8	0	2.8262259063708E-8	3.0742345200478E-7	2.2689519247274E-9	0	1.6915843085128E-8	0	0	1.824557746743E-8	3.9594766375895E-8	0	4.0399275642766E-9	2.5259304213945E-8	3.097443894963E-8	9.3342190190403E-8	1.1100577192199E-8	0	1.056241709164E-9	5.8452982870165E-8	1.9220986358609E-8	1.233310551823E-7	0	1.6463086485911E-8	7.5567165183035E-8	0	1.8380674465008E-8	1.6864380189977E-8	1.1607899639227E-7	0	5.4894823663758E-8	1.2358015404224E-7	1.1605041336136E-7	0	0	4.2098437501438E-8	0	0	0	0	0	4.2751364205894E-9	0	0	9.135035948185E-9	0	0	0	0	0	0	0	0	0	0	0	0	0	4.4604332371472E-9	4.2736340662656E-9	0	4.3268945935686E-9	0	0	0	0	0	0	0	0	0	0	0	0	0	0	0	0	0	0	0	0	0	0	0	0	0	0	0	0	0	0	0	0	0	0	0	0	0	0	0	0	0	0	0	0
OM-RGC.v2.001354480	Biota; Bacteria; Bacteroidetes; Flavobacteriia; Flavobacteriales; Flavobacteriaceae; Flavobacterium; Flavobacterium sp. URHB0058	0	0	0	0	0	0	0	0	0	0	0	0	0	0	0	0	0	0	0	0	0	0	0	0	0	0	0	0	0	0	0	0	0	0	0	0	5.2665244783762E-7	0	0	0	0	0	1.3330562841831E-7	0	8.7262449027314E-8	1.452975681525E-7	0	1.1923641747251E-8	0	2.2177156392693E-8	0	6.083557760017E-8	0	6.175575468097E-8	0	9.3637243711766E-9	1.6196367500862E-7	4.2862222969091E-8	1.2269188642021E-7	1.0255960553649E-7	1.4728301744525E-7	0	2.4163469320423E-9	2.5986487964915E-8	0	0	0	0	1.1501090124573E-8	0	0	0	0	0	0	9.6625096888874E-9	0	0	0	0	0	0	8.3865399113359E-9	0	0	3.8321105935202E-8	0	0	8.9299761264902E-9	0	1.2674918229098E-8	1.6437023795364E-8	0	4.7589426590363E-8	3.4832716124435E-7	0	7.7583689813465E-9	3.9843534185612E-7	0	9.057889538281E-8	0	3.0641367357279E-8	2.47982655083E-9	2.6438363920742E-7	0	0	0	3.271820645614E-7	6.3798089213684E-7	0	0	1.146493455617E-7	1.9732372459662E-8	0	1.7389541573105E-8	0	0	1.3054480467287E-8	0	0	0	6.0442266668323E-8	1.7177001816821E-7	0	1.6318574919339E-8	0	4.8374127098797E-8	0	0	5.4121121839595E-8	3.4629213956607E-8	0	0	0	1.0241674048969E-8	0	4.7755415293299E-8	0	0	0	2.2417626803519E-8	0	0	0	0	8.2392988038019E-9	0	0	0	0	0	0	0	0	0	0	0	0	0	0	0	0	0	0	0	0	0	0	0	0	0	0	0	0	0	0	4.9193797682063E-9	0	0	0
OM-RGC.v2.001394909	Biota; Bacteria; Proteobacteria	0	0	0	0	0	0	0	0	0	0	0	0	0	0	0	0	0	0	0	0	0	0	0	0	0	0	0	0	0	0	0	0	0	0	0	0	0	0	0	0	0	0	0	0	0	0	0	0	0	0	0	0	0	2.0295404744227E-9	0	2.7031216177857E-9	0	0	9.1269384218383E-9	5.9759222320547E-8	0	0	2.1755317885047E-8	5.1658991410951E-9	0	0	0	0	0	0	0	0	0	0	0	0	0	0	0	0	0	0	0	0	0	0	0	0	0	0	0	0	0	0	0	0	0	0	0	0	0	0	0	0	0	0	0	0	0	0	0	0	0	0	0	0	0	0	0	0	0	0	0	0	0	0	0	0	0	0	0	0	0	0	0	0	0	0	0	0	0	0	0	0	0	0	0	0	0	0	0	0	0	0	0	0	0	0	0	0	0	0	0	0	0	0	0	0	0	0	0	0	0	0	0	0	0	0	0	0
OM-RGC.v2.001395786	Biota; Bacteria	0	0	0	0	0	0	0	0	0	0	0	3.4396328224237E-9	0	0	0	0	0	5.6473201505302E-11	0	0	0	0	0	2.3305037689445E-9	0	0	1.604797381355E-8	0	3.775981349387E-9	2.2186126737725E-8	0	1.5743135427936E-8	6.2909571644035E-8	4.8087386297205E-8	4.4349039996276E-9	6.7945155128807E-8	4.4286279493747E-9	2.6922118573088E-8	1.549892220867E-8	2.6543645562515E-8	1.2467378086009E-8	7.037445432906E-8	0	2.7168981662729E-8	1.4096478693498E-8	0	2.2222792467351E-8	1.182223121858E-8	1.3903825155151E-8	0	0	0	7.0780948310762E-9	0	0	3.9193102829264E-8	6.6451936240908E-8	8.0333487141834E-8	0	0	0	0	0	0	0	0	0	0	0	0	0	0	0	0	0	0	0	5.3540099456681E-9	4.5464686255528E-9	0	3.8575045847386E-7	1.7297996575604E-9	0	6.7275887640082E-9	2.7735359978693E-8	0	8.2433046339101E-9	1.4022859258608E-8	0	2.1272132650935E-8	4.319221509196E-9	0	1.3140014676238E-7	0	0	4.8498535681288E-9	0	0	1.6350682012719E-8	0	0	7.8439614005558E-9	7.7672629544098E-9	0	4.4570349617321E-9	1.0281306149752E-8	1.8288451654686E-8	0	0	0	0	0	0	0	0	3.9434589573283E-9	0	0	0	7.290772135892E-9	9.3100590603857E-9	0	0	4.7073390999718E-9	0	0	0	0	0	0	0	0	0	0	0	0	0	0	0	0	0	0	0	0	0	0	0	0	0	0	0	0	0	0	0	0	0	0	0	0	0	0	0	0	0	0	0	0	0	0	0	0	0	0	0	0	0	0	0	0
OM-RGC.v2.001417599	Biota; Bacteria	4.0101255101221E-8	1.4424733205238E-8	0	7.4842601303331E-8	0	1.5767282791332E-8	3.6084567211243E-9	0	4.734143989017E-8	3.1588618778075E-8	8.0119622692765E-9	1.5682589252306E-8	4.0774271444588E-9	1.1488384968791E-8	0	0	0	0	0	0	0	0	0	0	0	0	8.2658309677707E-9	0	0	1.3900114254589E-8	0	9.2149660056729E-9	2.6547194851016E-9	7.9672486843237E-9	0	0	0	0	0	0	0	0	0	0	0	3.9527372845203E-9	0	0	0	0	0	0	0	0	1.0703000625346E-8	0	0	0	0	0	0	0	0	0	0	0	0	0	0	0	0	2.2102503470642E-9	1.1798752355063E-7	3.8521935154176E-8	0	0	2.0182563961459E-7	1.5877892549596E-8	2.7525854621793E-8	0	1.1036566437387E-6	0	0	0	1.599523189636E-8	0	0	2.1958425145212E-8	1.2911627540428E-8	4.2550001607326E-8	4.4177373180384E-8	0	5.5270400047562E-7	9.9800650845723E-9	6.0021108500228E-9	5.2594119619482E-8	5.6122347328896E-9	4.6709597248519E-9	5.4177892695572E-8	0	6.2393546026493E-8	7.8848864165788E-9	2.9627174436791E-8	0	5.5867846879773E-8	3.7456886891152E-8	7.8717354179956E-8	0	0	0	2.5048050909927E-8	0	7.1234334782216E-8	0	0	5.7542422148654E-9	0	0	1.0140543522415E-8	0	0	0	0	0	0	1.5756740477064E-8	0	3.8380559799376E-9	5.4541239582292E-9	0	0	5.1983174775652E-9	4.5380059891021E-9	1.6132317702675E-8	2.5747471565311E-9	0	0	1.2212352536213E-8	1.0078607581051E-8	5.8146062161169E-9	1.8729628770892E-11	3.0306277217255E-9	0	0	0	0	0	0	0	0	0	0	0	0	2.7124878699099E-9	0	0	0	0	0	0	0	0	0	0	5.1725185108324E-9	1.3506896022821E-9	3.6948352372765E-9	0	0	0	0	0	0	0	0	0	0	0	0
OM-RGC.v2.001433898	Biota; Bacteria	0	0	0	0	0	0	0	0	0	0	0	0	0	0	0	0	0	0	0	0	0	0	0	0	0	0	0	0	0	6.7011700961829E-9	3.4995179031699E-9	1.8197242850299E-8	3.5049302050536E-8	2.915499086574E-8	4.6659303846896E-9	3.7986403693388E-8	4.4429935191989E-9	2.2766993080623E-8	2.5664124858986E-8	1.6080570044052E-8	2.2809088134333E-8	5.2659847551567E-9	0	3.7113504324257E-8	6.3359886762476E-9	0	8.7794721868815E-9	0	0	0	3.6473436076845E-9	0	4.9469018299364E-8	0	1.2940190835706E-8	0	0	0	0	0	0	0	0	1.7672008261395E-8	0	0	0	0	0	0	0	0	5.1622479677684E-8	5.8927427089192E-9	0	0	0	9.4319875284113E-8	0	0	0	0	0	0	9.333980644538E-9	0	3.0878859508019E-9	0	0	4.8219670459853E-9	0	0	0	0	0	9.8577294156651E-9	0	0	0	0	0	3.9562039175524E-9	0	0	0	1.1484294289056E-8	4.4221846006104E-9	4.1445972315238E-9	0	1.1491427518338E-6	0	0	0	0	0	4.0848015722883E-9	0	0	1.7807891656899E-8	0	2.3238672725172E-9	0	5.9848582846891E-9	0	0	0	0	0	0	0	0	0	0	0	0	0	0	0	0	0	0	0	0	0	0	0	0	0	0	0	0	0	0	0	0	0	0	0	0	0	0	0	0	0	0	0	0	0	0	0	0	0	0	0	0	0	0	0	0	0
OM-RGC.v2.001477480	Biota; Bacteria	0	0	0	0	0	0	0	0	0	3.5564438972503E-9	0	1.7513924955505E-8	0	0	4.2637560178424E-9	0	3.8309750231989E-9	2.9811650929125E-8	0	1.4825244774751E-8	3.7782199263061E-9	0	0	0	0	0	4.4165630751906E-9	0	0	3.6068697337457E-9	0	0	0	0	0	0	0	1.2716257203669E-8	1.0453676168789E-8	2.7266389545862E-8	1.5698379668319E-8	5.4508771669056E-9	0	5.1064833557398E-9	1.3544884217323E-8	0	2.7001599618452E-8	9.9282118793528E-9	0	0	0	0	0	0	0	0	3.5387156022734E-9	0	0	0	0	0	0	1.0761200526719E-9	0	0	0	0	0	0	0	5.3302430456692E-9	3.0916848271682E-7	0	0	0	0	0	0	0	3.1861272398304E-7	8.798980204503E-9	0	1.0310486431015E-8	4.1231059502409E-8	0	7.221872040009E-9	1.0196082506805E-8	4.9070934721435E-9	3.7963111393345E-8	0	0	6.0470818823027E-8	0	0	0	2.2765678810572E-8	2.2679530276393E-8	2.3907480036277E-8	4.5430445435326E-9	5.8720076402354E-9	2.7333733685901E-8	1.345648310031E-8	0	2.4300857019459E-8	2.9887950291583E-8	5.4883577263314E-8	0	0	0	0	0	0	0	0	1.547469801989E-8	0	0	4.3810319788104E-9	0	1.8932933156356E-8	0	0	0	0	0	0	0	0	0	0	0	0	0	0	0	0	0	0	0	0	0	0	0	0	0	0	0	0	0	0	0	0	0	0	0	0	0	0	0	0	0	0	0	0	0	0	0	0	0	0	0	0	0	0	0	0	0	0	0
OM-RGC.v2.001496821	Biota; Bacteria; Bacteroidetes; Flavobacteriia; Flavobacteriales; Flavobacteriaceae; Mesonia; Mesonia phycicola	0	0	0	0	0	0	0	0	0	0	0	0	0	0	0	0	0	0	0	0	1.0393202255538E-9	0	0	0	0	0	0	0	0	0	0	0	0	0	0	0	0	0	0	0	0	0	0	0	8.5181922797725E-10	0	0	0	0	1.7109148535785E-8	0	0	0	0	0	0	0	0	0	0	0	0	0	0	6.4203707190412E-9	0	2.4657039614455E-9	0	0	0	0	0	0	0	0	0	0	0	0	0	0	0	0	0	0	0	0	0	0	0	0	0	0	0	0	0	0	0	0	0	0	0	0	0	0	0	0	0	0	0	0	0	0	0	0	0	0	0	0	0	0	0	0	0	0	0	0	0	0	0	0	0	0	0	0	0	0	0	0	0	0	0	1.3649380344367E-7	1.6501282458753E-8	3.870542875853E-7	8.7648608931591E-9	9.300167519809E-8	0	0	0	5.0453090319204E-8	6.3789511721386E-7	6.4589160603095E-7	2.0771493857456E-7	1.8309415592881E-8	4.3170709258042E-8	6.569122071415E-8	9.6923400154207E-9	2.7590776685415E-7	2.7450758472217E-7	2.8602778057269E-8	0	3.9790621773516E-8	8.1751795462482E-8	4.0476523268743E-8	2.1122397485028E-7	8.4829211083993E-8	2.4114097040716E-7	5.8452882895166E-8	2.5648910025966E-8	9.260460946321E-8	7.7557395456074E-9	4.0433274197929E-8	4.3380861283291E-9	1.0459177239645E-7	4.0908360077782E-9	0	5.0363775565682E-9	0	0
OM-RGC.v2.001522370	Biota; Bacteria; Bacteroidetes; Flavobacteriia; Flavobacteriales; Flavobacteriaceae; Mesonia; Mesonia phycicola	0	0	0	0	0	0	0	0	0	0	0	0	0	0	0	0	0	0	0	0	3.5278701654528E-9	0	1.0169400602207E-7	0	9.3841693717569E-8	0	0	1.3332720096903E-7	3.4063056125056E-9	2.3360612377823E-8	0	0	0	0	0	0	1.614100686695E-7	0	0	0	0	0	7.2015095930317E-8	0	1.2769884712452E-8	3.3953174587226E-8	0	0	0	0	0	0	0	9.2111710368867E-9	0	2.7850343940721E-9	0	0	0	5.0130150437708E-9	0	0	0	0	0	0	0	0	0	0	0	1.08021289135E-8	0	0	0	0	0	0	0	0	0	1.7822178289943E-9	0	0	7.1502284883969E-9	0	0	0	0	0	0	9.5031774879525E-9	0	9.0593021678036E-9	3.7605945804874E-8	0	5.6941865571468E-9	1.4265859005864E-8	0	0	0	4.0820615452067E-9	0	4.7959734058791E-9	0	0	0	7.8283247846359E-9	5.6889160827384E-9	0	0	0	0	0	0	0	0	0	0	0	0	0	6.1440647898869E-9	0	5.9426612468842E-9	0	0	0	0	1.6755457037479E-9	8.2060054475836E-9	0	0	0	0	0	1.2428325548699E-8	0	0	0	5.2214555597027E-9	0	0	0	0	0	0	0	0	0	0	0	0	0	0	0	0	0	0	0	0	0	0	0	0	0	0	0	0	0	0	0	0	0	0	0	2.5605327848711E-9	0	0	0
OM-RGC.v2.001530090	Biota; Bacteria; Bacteroidetes; Flavobacteriia; Flavobacteriales; Flavobacteriaceae; Mesonia; Mesonia phycicola	0	0	0	0	0	0	0	0	0	0	0	0	0	0	0	0	0	0	0	0	0	0	0	0	0	0	0	0	0	0	0	0	0	0	0	0	0	0	0	0	0	0	0	0	0	0	0	0	0	0	0	0	0	0	0	0	0	0	0	0	0	0	0	0	0	0	0	0	0	0	0	0	0	0	0	0	0	0	0	0	0	0	0	0	0	0	0	0	0	0	0	0	0	0	0	0	0	0	0	0	0	0	7.201012421681E-10	0	0	0	0	0	0	0	0	0	0	0	0	0	0	0	0	0	0	0	0	0	0	0	0	0	0	0	0	0	0	0	0	0	0	0	0	0	0	0	0	3.3305848442634E-9	2.6652857520586E-9	0	0	0	0	0	0	0	1.505777204477E-8	8.605346441982E-9	0	0	0	0	2.1597471222967E-9	6.1334001252078E-9	0	0	0	0	1.5098194788963E-8	3.2189894696672E-9	1.4850800440026E-8	4.5443122375426E-9	2.9598129647544E-9	0	0	0	0	0	0	0	0	0	2.7041459795792E-9	0
OM-RGC.v2.001536348	Biota; Bacteria	0	0	0	0	0	0	0	0	0	0	0	0	0	0	0	0	0	0	0	0	0	0	0	0	0	0	0	0	0	0	0	0	0	0	0	0	0	0	0	0	0	0	0	0	0	0	0	0	0	0	0	0	0	0	0	0	0	0	0	0	0	0	0	0	0	0	0	0	0	0	0	0	0	0	0	0	0	0	0	0	0	0	0	0	0	0	0	0	0	0	0	0	0	0	0	0	0	0	0	0	0	0	0	0	0	0	0	0	0	0	0	0	0	0	0	0	0	0	0	0	0	0	0	0	0	0	0	0	0	0	0	0	0	0	0	0	0	0	0	0	0	0	0	0	0	0	0	0	0	0	0	0	0	0	5.5702875899995E-9	0	0	0	0	0	0	0	0	0	0	0	0	0	0	0	0	0	0	0	0	0	0	0	0	0
OM-RGC.v2.001536495	Biota; Bacteria	0	0	0	3.8579533823742E-9	0	0	0	0	0	0	0	0	0	0	0	0	0	0	0	0	0	0	0	0	0	0	0	0	0	0	0	0	0	0	0	0	0	0	0	0	0	0	0	0	0	0	0	0	0	0	0	0	0	0	0	0	0	0	0	0	0	0	0	0	0	0	0	0	0	0	0	0	0	0	0	0	0	0	0	0	0	0	0	0	0	0	0	0	0	0	0	0	0	0	0	0	0	0	0	0	0	0	0	0	0	0	0	0	0	0	0	0	0	0	0	0	0	0	0	0	0	0	0	0	0	0	0	0	0	0	0	0	0	0	0	0	0	0	0	0	0	0	0	0	0	1.7595070988514E-8	0	0	0	0	0	0	0	0	0	4.6675821518859E-9	0	0	0	0	0	0	0	0	0	0	0	0	0	0	0	0	0	0	0	0	0	0	2.7089748116701E-9	0
OM-RGC.v2.001625419	Biota; Bacteria	5.4023906136611E-9	5.1964658490314E-9	0	0	0	0	0	0	0	0	0	3.6213256308873E-9	0	0	0	0	0	0	0	0	0	0	0	0	0	0	0	0	1.3028197308432E-9	0	0	0	0	0	0	1.9427035637535E-9	2.5340014994926E-9	1.7581949739905E-9	5.4665415948055E-9	0	1.6834582065624E-8	0	0	1.298992374268E-9	0	0	2.9627920073868E-9	0	5.8792414013133E-9	5.8122755118859E-9	3.8067903227834E-9	0	0	0	2.4783293907486E-8	0	0	0	0	0	0	0	0	9.6930925752673E-9	4.2855654799331E-7	4.2378256434361E-7	5.2353955841535E-9	0	0	0	7.5838527523705E-9	3.5937802607716E-8	1.3854651454476E-8	0	0	0	0	0	6.5205598035913E-9	0	0	0	0	7.1070540138027E-9	0	0	3.8593851706818E-9	0	0	2.4912178926796E-9	0	0	0	4.9205573188452E-9	3.4135631511391E-9	7.4292866161147E-9	0	0	0	0	0	0	2.735107707988E-9	0	0	0	3.2539007849737E-9	0	0	0	9.557121093294E-9	0	1.5974395838605E-9	0	0	0	0	0	0	0	0	0	0	0	0	0	0	0	1.25129307567E-9	3.4243393071779E-9	0	5.4445037333032E-9	0	0	2.6697173385013E-9	0	0	2.4292443816662E-9	5.2779593434311E-9	1.218045696298E-10	0	4.7072498534187E-9	6.4615665707117E-9	0	0	0	0	0	0	0	0	0	0	0	0	0	0	0	0	0	0	0	0	0	0	0	0	0	0	0	0	0	0	0	0	0	0	0	0	4.7031741561453E-9
OM-RGC.v2.001626181	Biota; Bacteria	2.3828726275688E-9	2.4924909805047E-8	0	5.883004476961E-9	0	2.2271178254663E-8	7.0575448989078E-8	3.5040332809046E-8	0	2.7709910876327E-8	1.2980114105086E-8	2.6893387948919E-8	1.940955585356E-8	4.2967991172572E-8	4.9055231706723E-8	1.1312204253839E-8	7.0852390565851E-8	2.1642382743675E-8	0	3.0210673024805E-8	9.7453361767713E-9	0	0	2.9639584600234E-9	0	5.3522660975067E-9	9.1460091316617E-9	0	1.542614087097E-8	3.4932575606207E-8	9.6967446645644E-9	1.936475238106E-8	2.3534056110816E-8	3.6914796622428E-8	3.4042648159357E-8	7.180969967232E-8	2.3870294125272E-8	8.0971928347429E-8	5.5110022319061E-8	1.4974353992766E-8	9.8926813711495E-8	1.600832545328E-8	0	1.3327661760004E-8	1.2540317738028E-8	0	1.8662535221886E-8	3.1709502643077E-8	5.2998379009044E-8	0	8.1928748251742E-9	0	2.7754835628832E-9	0	5.3972964906467E-8	4.7915822587646E-9	1.7677003231113E-8	1.7228343630092E-8	4.343737208911E-8	1.0271447974111E-8	2.9496312074496E-7	2.2211975841047E-8	9.161802358881E-9	1.8431054897594E-7	0	0	0	0	0	0	2.0445657082371E-8	2.7894315304373E-8	4.3622799706609E-8	0	3.1278855741121E-9	1.4406546292654E-9	0	4.9523547108486E-8	8.1787845626166E-8	0	4.6622249799661E-7	1.0927040459694E-8	0	2.8452307763788E-8	6.3630795690444E-8	0	4.9686389217084E-8	8.3611219533881E-9	1.3574041659199E-8	1.8847699006365E-8	3.1786165985099E-8	0	3.3224143254158E-7	1.7904317060996E-8	3.4135631511391E-9	2.9069462478395E-8	5.8186496513022E-9	1.7295553800588E-9	4.8118100786542E-8	4.6919968236387E-9	5.4949045711879E-8	1.6579812207987E-8	4.5308963822999E-8	2.579889031759E-9	2.4096493986282E-8	5.8664566350964E-8	6.7730215450262E-8	0	0	3.5490708009579E-8	3.6555988181743E-9	0	3.2731537073331E-8	0	0	1.3392792040286E-8	2.6434985341937E-9	0	1.4630677129587E-8	2.7697187394366E-8	1.3652572946894E-8	1.0915493601006E-8	0	0	0	0	0	0	0	0	0	2.7222518666516E-9	6.9838834224876E-9	9.3633803606026E-9	8.0900525409684E-9	6.5471491998437E-9	0	2.8010675013139E-9	0	2.3404625899332E-9	0	4.2322062902303E-9	0	0	0	0	0	0	0	0	0	0	0	0	0	0	0	0	0	0	0	0	0	0	0	0	0	0	0	0	0	0	0	0	0	0	0	0	0	0
OM-RGC.v2.001627371	Biota; Bacteria	4.7657452551675E-9	2.0559686244244E-9	0	7.9102560197643E-9	8.1339262819258E-9	9.3554099130998E-9	2.9661349868425E-8	2.7733970310625E-8	1.0379080642095E-8	1.0911115003906E-8	4.4654991569383E-8	2.0350130613147E-8	1.2811588022136E-8	2.9226777756987E-8	4.7266855485102E-9	1.7512617464119E-8	1.4914106252212E-8	8.0385993047953E-9	0	2.2417692596823E-8	3.9219035833312E-9	0	0	1.447966591941E-8	8.6002581415716E-10	0	0	6.7087312688727E-9	2.4313879213676E-8	7.5262785310442E-9	4.9151185670661E-8	6.0140266199431E-9	1.609764432859E-8	1.4542988078053E-8	6.545156203019E-8	3.2662259229328E-8	4.6118827291025E-9	1.9579898573972E-8	1.6993661316539E-8	2.1865418170976E-8	1.2240875884011E-8	1.0645536426457E-8	0	2.6353032733798E-8	1.3071124838043E-8	0	6.5059247172935E-9	2.5189791819264E-8	1.7864941262988E-8	5.6983093253949E-9	1.4399598177604E-8	0	5.0947232524201E-9	0	2.5796235075381E-8	2.5380866025319E-8	2.0362117645994E-8	1.8162721560546E-8	3.9639780429211E-10	0	4.1925486721443E-8	1.8785095438808E-8	0	3.3294508390714E-9	0	0	0	0	0	0	0	0	4.1450524468483E-8	0	3.3416904108032E-8	0	0	2.5538275163984E-8	3.9343152972177E-8	0	2.8260447748554E-8	2.0529591166685E-8	0	9.4439497404063E-9	3.4712367995523E-8	0	2.1800450707299E-8	1.0109165082039E-9	5.0679817827193E-9	3.1624122100039E-8	7.5486459993202E-8	0	4.2697290855184E-8	1.1070931751591E-7	0	2.8820623245974E-8	3.1201024405657E-8	1.7097890328731E-8	9.8504503435117E-8	3.8086566053045E-8	2.8373348392682E-8	7.204922037354E-8	8.3546063778005E-8	6.9919885679392E-7	8.4593068775271E-8	4.7945359764231E-8	1.9206452736578E-8	3.2867246716898E-8	0	1.3706731310041E-8	0	0	8.849815294591E-9	0	0	0	2.682049554469E-8	0	2.5115995739141E-8	1.6439208222514E-8	1.2877426863801E-8	8.3258484354628E-9	0	5.3667142867576E-9	0	0	0	5.0563796690902E-9	0	1.3837126180004E-8	0	1.2957918885269E-8	2.3522107360359E-9	3.4731335673205E-9	0	0	0	4.8584887633323E-9	0	2.1971689619605E-9	4.3283578163474E-9	0	0	0	0	0	0	0	0	0	0	0	0	0	0	0	0	0	0	0	0	0	0	0	0	0	0	0	0	0	0	0	0	0	0	0	0	0	0	0
OM-RGC.v2.001630414	Biota; Bacteria	0	0	0	0	0	0	0	0	0	0	0	0	0	0	0	0	0	0	0	0	0	0	0	0	0	0	0	0	0	0	0	0	0	0	0	0	0	0	0	0	0	0	0	0	0	0	0	0	0	0	0	0	0	0	0	0	0	0	0	0	0	0	0	0	4.6406305054085E-9	3.0122659516122E-8	3.1727547293489E-7	1.2572704467195E-7	0	1.2010657905178E-7	0	0	0	0	0	0	0	0	0	0	0	0	0	0	0	0	0	0	0	0	0	0	0	0	0	0	0	0	0	0	0	0	0	0	0	0	0	0	0	0	0	0	1.7571835421177E-10	0	0	0	0	0	0	0	0	0	0	0	0	5.6630612562155E-9	0	0	0	0	0	0	0	0	0	0	0	0	0	1.218045696298E-10	0	1.2092017972036E-9	0	0	1.261545286257E-8	0	0	4.2872911093231E-9	4.9364796767698E-9	0	0	4.8865540530343E-9	1.3474588807717E-8	2.0796489020227E-8	0	0	4.8523236214766E-8	1.7438319411857E-8	8.6582474706781E-9	7.4001376453223E-9	1.1774549801382E-8	0	2.3279097630192E-8	2.8741033107218E-8	3.1696991391254E-7	3.2665520737055E-7	2.0154570955291E-7	3.8549525613186E-7	3.3329194889144E-7	9.9864434729664E-8	1.054191013993E-7	2.0774326379824E-7	7.3557172729146E-7	3.3460848546448E-8	1.9717339390565E-7	1.2333754229883E-7	9.7985281862976E-9	2.3092329449994E-7	0	0
OM-RGC.v2.001634411	Biota; Bacteria	0	3.9396366655737E-9	1.8584513892483E-8	0	1.3516454899966E-8	0	0	0	5.4158410458299E-8	1.8452870282303E-8	2.7979665345444E-8	3.627933889325E-9	0	0	4.4115869746446E-9	0	1.1891402398616E-8	3.1952238526226E-9	0	1.0111529301244E-8	1.9625457969377E-8	1.1679511894168E-8	0	0	0	1.7441338130776E-8	1.2916374572175E-8	0	2.6509168762355E-9	3.2559145387025E-9	0	0	0	0	0	0	0	0	0	0	0	0	0	0	0	0	0	5.082778671842E-8	1.2360335831409E-8	0	0	5.5104452637153E-9	0	0	0	0	0	0	0	0	0	0	0	4.1931329540622E-9	1.502651494792E-7	7.8352521527648E-8	3.1840369174801E-7	3.6263245067623E-7	1.5367457559461E-8	8.4720221376748E-7	4.2899527063337E-8	1.4833617624781E-7	6.5366741442898E-8	0	0	0	0	0	0	0	0	3.6489934381703E-9	0	0	2.4656339190149E-9	0	2.2511014565503E-9	0	3.1224007739771E-10	0	0	0	0	0	0	0	0	0	0	0	0	0	0	0	0	0	0	0	0	0	3.3846073471891E-8	0	4.2825489620474E-8	0	0	0	0	0	0	1.3884545273021E-8	0	0	0	0	0	9.5702728960117E-9	0	0	0	0	0	2.7272194795382E-9	0	0	0	0	0	0	0	6.9144765886716E-7	1.3041495301027E-7	6.961157717199E-7	2.6953374687896E-7	1.8613605732016E-8	2.4377655545198E-7	9.6139279072356E-8	1.0720547284644E-7	1.0131417458464E-7	1.8031154495099E-7	1.9708380696119E-7	1.8525511718955E-7	1.0689286430272E-7	8.0599399293812E-8	1.6264757972579E-7	1.5771322440755E-7	8.9994120137664E-8	1.0372970401814E-7	4.095960417935E-8	9.1796211462281E-8	1.073448059402E-7	1.0589742409595E-7	1.2080408788521E-7	9.8898839962452E-8	8.7663871064862E-8	1.1657764565497E-7	6.9545030326758E-8	2.4754431907782E-7	1.0506901191765E-7	1.4335164614072E-8	4.4003551640959E-8	4.9397234703232E-8	6.0456876651629E-8	5.604114325844E-8	1.5333313870457E-7	2.2895738056957E-7	2.3669159609539E-7	2.264928939802E-7	2.9002124304826E-7	3.0105435421564E-7	3.1447545004906E-7
OM-RGC.v2.001666580	Biota; Bacteria; Bacteroidetes	2.684535528296E-7	1.4232306943145E-7	1.9379940875256E-8	2.547326616835E-8	3.8202718224087E-9	0	9.9361822043688E-9	1.8862484237388E-8	0	0	0	0	0	0	0	0	0	0	0	0	0	0	0	0	0	0	0	0	0	2.0331265450202E-9	0	0	0	0	0	9.0025681915622E-10	0	0	0	0	0	0	0	1.468243439497E-9	0	0	0	1.6628531172332E-8	1.0576713930802E-8	0	5.8503615928652E-8	0	4.5660031387824E-8	0	2.5419982050896E-8	0	0	0	1.3412840300463E-8	0	0	1.2444665323585E-7	2.206200743578E-8	1.9871725992214E-7	0	0	0	0	0	0	0	0	0	0	0	0	0	0	0	0	0	0	0	0	2.5965914740567E-9	0	6.5979235365538E-9	0	0	5.5869224800085E-10	0	0	0	0	0	2.5764847080618E-9	0	0	0	0	0	0	7.005701943174E-10	0	0	0	0	0	0	0	0	0	0	0	0	0	0	0	0	2.1517903873362E-9	0	7.3064111110205E-10	0	0	0	0	0	7.6495354472086E-10	9.9412991906351E-9	0	0	7.1429086662843E-10	6.3261354404618E-8	6.1101647548779E-8	2.2261623622593E-8	6.7240546154571E-8	0	4.2727397635229E-8	5.1877598429506E-8	0	0	0	0	0	0	0	0	0	0	0	0	0	0	0	0	0	0	0	0	0	0	0	0	0	0	0	0	0	0	0	0	0	0	0	0	0	0	0	0	0
OM-RGC.v2.001982271	Biota; Bacteria; Bacteroidetes	0	0	0	0	0	0	0	0	0	0	0	0	0	0	0	0	0	0	0	0	0	0	0	0	0	0	0	0	0	4.0272192139716E-9	0	5.5100764016017E-9	0	0	1.0891710854863E-8	4.1368526478208E-9	0	5.5877137450876E-9	0	0	0	0	0	7.0341576533666E-9	0	0	0	0	0	0	0	0	0	0	0	0	4.5933916158396E-9	1.6512180649437E-8	0	0	1.0441369995601E-8	0	0	0	0	1.488802242985E-8	0	0	0	0	0	0	7.2458174541735E-7	0	2.508421138168E-8	0	0	3.6440579766126E-8	3.841898926258E-8	0	4.2348970107973E-8	0	0	2.4235413449373E-9	0	0	5.0933047975753E-9	2.4567192482169E-9	0	3.8537357999792E-9	5.9127869186187E-8	0	1.0225318673669E-8	8.8061832638342E-9	0	0	8.1141308966464E-8	4.5479937463097E-9	1.4423708484589E-8	5.0212597586205E-9	3.2450568538263E-9	3.0977515780541E-8	8.6122885785752E-9	0	1.8150346478044E-8	1.3743735646666E-9	1.2381111760637E-8	0	0	0	0	0	0	0	0	3.1380387557207E-10	0	0	0	2.4299608429643E-8	5.4597258306171E-9	8.3439236799429E-9	0	1.6643923792263E-8	0	0	0	5.4112133300681E-9	5.8221874611823E-9	0	0	2.9132870853805E-9	0	0	0	0	0	0	0	0	0	0	0	0	0	0	0	0	0	0	0	0	0	0	0	0	0	0	0	0	0	0	0	0	0	0	0	0	0	0	0	0	0	0	0	0	0	0	0	0
OM-RGC.v2.002717017	Biota; Bacteria; Bacteroidetes; Flavobacteriia; Flavobacteriales; Flavobacteriaceae	0	0	5.5501532785659E-9	3.9763826355893E-9	4.6005600579202E-9	8.9941979364737E-8	9.0477350791473E-9	4.4067431787122E-9	0	1.0099243310213E-8	0	3.7185157970581E-9	3.2309629984743E-7	2.0243358905856E-8	0	0	4.7360133075094E-9	0	0	1.4186609749678E-8	0	0	0	0	0	1.3868609313923E-8	2.4555242148502E-8	0	0	0	0	9.6478344613403E-9	9.7359196320732E-9	4.1246730636062E-9	3.8154529304699E-8	0	0	6.027651276453E-9	6.5100462810445E-9	0	6.4359951351886E-9	6.5771298969047E-9	0	2.8897142029707E-8	2.8129897737737E-8	0	0	6.0137678927599E-8	4.2245923146832E-8	0	0	0	0	0	0	1.9753980551298E-7	0	0	0	0	0	0	0	0	0	0	0	0	0	0	9.6417681222564E-9	0	0	0	1.4626384241483E-7	0	0	1.3391424362476E-8	2.8682040077198E-7	0	0	1.7021919958838E-8	0	1.9710414449167E-8	5.7703054108043E-9	0	0	0	0	0	2.7001299394958E-7	0	0	7.1774756163815E-8	0	0	0	0	0	1.6648913781107E-8	1.0833280906707E-8	4.9173640884358E-9	4.7287424343724E-9	0	0	3.1716853593975E-8	1.3049885013267E-8	0	0	0	3.0388535384389E-8	0	1.9023738211352E-9	0	0	5.3164445626533E-9	5.8699214672106E-9	0	0	0	1.7420040008921E-8	0	0	0	0	0	0	0	0	0	0	0	5.6602026979101E-9	4.2199580758385E-9	6.3907905289747E-9	3.716536820185E-9	0	0	0	0	0	0	0	0	0	0	0	0	0	0	0	0	0	0	0	0	0	0	0	0	0	0	0	0	0	0	0	0	0	0	0	0	0	0	0	0	0	0	0	0
OM-RGC.v2.003001384	Biota; Bacteria; Bacteroidetes	7.92629589017E-9	2.4203149021836E-9	0	8.8563245648412E-9	0	9.1847973741601E-9	2.2306502756024E-8	0	1.2776043211855E-8	1.0571883627899E-8	0	1.4419103219526E-8	2.6283863319133E-9	0	0	0	0	0	0	6.4233088120841E-9	2.9914173724046E-8	1.4350611026955E-8	0	2.359569749262E-9	0	7.0589223755295E-9	0	0	0	0	0	0	0	0	8.3834159090786E-9	0	0	0	0	0	0	6.6669650478297E-9	0	0	0	0	5.6021300216739E-9	9.1124586864989E-8	4.8567038757854E-8	0	7.2937627571194E-8	0	4.9824013732053E-8	0	0	3.7783960370959E-8	0	0	1.8127486238893E-8	0	0	5.0755166913245E-9	1.9263057559624E-9	1.039152489928E-8	0	0	0	0	0	0	0	0	0	0	0	0	0	0	0	0	0	1.357586548484E-9	0	1.1408289376927E-8	3.6007146610442E-8	0	8.5178894004569E-8	1.5689736212239E-8	0	3.492582309379E-8	0	0	0	0	0	0	0	0	0	0	0	0	0	0	0	0	0	0	0	0	0	0	1.9663550034649E-9	0	0	5.4952487519562E-9	6.6096724490122E-9	0	0	0	0	0	0	0	0	0	0	0	0	0	0	0	0	0	0	0	0	0	0	0	0	2.6047996113706E-9	0	0	0	0	0	0	0	0	0	0	0	0	0	0	0	0	0	0	0	0	0	0	0	0	0	0	0	0	0	0	0	0	0	0	0	0	0	0
OM-RGC.v2.003008035	Biota; Bacteria; Bacteroidetes	0	0	0	0	0	0	0	0	0	0	0	0	0	0	0	0	0	3.8498543677626E-8	0	0	0	7.1753055134528E-9	0	0	0	0	1.3750478248183E-9	0	0	0	4.5416622424534E-9	0	0	0	0	0	0	0	0	0	0	0	0	0	0	0	0	0	0	0	0	0	0	0	1.6624953697025E-8	0	0	0	0	0	0	0	0	0	0	0	0	0	0	0	0	0	0	0	0	0	0	0	0	0	1.2291749891169E-8	0	0	0	1.3538182204998E-8	0	3.8963295058949E-8	1.2936359694599E-8	0	0	0	0	0	0	0	0	0	0	3.749256242442E-8	0	1.4930171892394E-8	5.0827462886925E-9	9.7755617141341E-9	0	1.1473549050599E-7	9.5603045176117E-9	7.2575514491185E-9	0	0	0	0	0	0	0	0	3.3548493630745E-8	0	0	9.6717742310221E-9	0	0	0	0	0	0	0	0	0	0	0	0	0	0	5.777331015834E-9	0	0	0	0	0	0	0	0	8.2603649271104E-8	0	3.2988827398837E-8	0	0	3.3802988989387E-9	1.2153037410487E-8	0	0	0	0	0	0	0	0	0	0	0	0	0	0	0	0	0	0	0	0	0	0	0	0	0	0	0	6.4415196964536E-9	2.5319178698124E-8	0	6.4925227191618E-9
OM-RGC.v2.003354436	Biota; Bacteria; Proteobacteria; Alphaproteobacteria; Pelagibacterales; Pelagibacteraceae; Candidatus Pelagibacter; Candidatus Pelagibacter ubique	1.9507998241356E-8	7.1060100880415E-9	1.1842225131449E-8	5.9318543531088E-8	6.9541773861902E-8	5.79978003945E-8	2.2796221844098E-8	6.2156371614556E-9	7.8872718478622E-8	2.1183218988685E-8	6.7716692440812E-8	4.4725348059864E-8	1.3085696417051E-8	4.4996306202584E-9	0	0	0	0	0	0	0	0	0	0	0	0	0	0	0	0	0	0	0	0	0	0	0	0	0	0	0	0	0	0	0	0	0	4.7012034087135E-8	3.6105744695977E-8	6.9792920178196E-8	0	0	2.8639913375768E-9	0	7.8421909791862E-9	0	0	0	0	0	0	0	0	0	1.0083168269893E-8	4.3782482220962E-8	0	0	0	0	2.0680126521804E-7	3.6049069092808E-7	4.9411437460075E-7	0	0	0	0	0	1.1256016260869E-8	8.9484966307602E-9	5.0225147595277E-8	2.2468454266961E-7	0	1.5656377596204E-7	3.1422497386415E-9	0	2.5276552140183E-9	2.6889203634254E-9	6.4705162760333E-9	1.2851102871439E-8	1.8381642068304E-8	0	3.3727898463959E-8	0	0	0	0	0	0	0	0	0	0	0	0	0	0	8.1400646273582E-9	6.0588171284629E-9	0	2.0678909877387E-7	0	2.5268277604864E-7	0	0	5.6997231241317E-9	1.796761303306E-9	0	0	0	0	0	0	0	0	1.173506055245E-7	0	0	0	0	0	0	6.0682638226207E-9	5.9923014722474E-9	1.4726527077273E-8	8.9765341955072E-9	0	6.9689337316142E-8	8.9850691828505E-8	2.4110991471508E-7	3.4060890337147E-8	3.1121516434519E-7	1.4007417822587E-8	2.6437128197188E-9	5.2109632074546E-8	1.1694711600501E-8	0	2.2287622784207E-8	1.0374939613772E-7	4.5801222272077E-8	1.4511143622794E-8	0	0	0	1.9135140757597E-8	0	0	0	0	0	0	0	0	3.6768519553893E-9	0	7.208999737857E-9	2.6818660707881E-9	2.9222835416961E-9	0	0	0	0	0	0	0	0	1.7386355570859E-8	5.38324866558E-8	5.1263523346704E-8	1.1565214356318E-7
OM-RGC.v2.005174764	Biota; Bacteria; Proteobacteria; Alphaproteobacteria; Pelagibacterales; Pelagibacteraceae; Candidatus Pelagibacter; Candidatus Pelagibacter ubique	0	0	0	0	0	0	0	0	0	0	0	0	0	0	0	0	0	0	0	0	5.8075649296975E-9	8.2304740298759E-9	1.5203727740019E-7	0	2.2621373816408E-8	0	0	3.6392000509562E-8	0	0	0	0	0	0	0	0	5.7996873011894E-9	0	0	0	0	0	2.7785208450956E-8	0	0	3.9155620283251E-9	0	0	0	0	0	1.6330320827429E-8	0	3.9651395382315E-9	0	0	0	0	0	6.7198148000569E-9	0	0	7.6521020927882E-9	0	0	0	0	0	0	0	0	0	0	0	0	2.250415162243E-8	0	0	0	5.4450098390626E-8	0	0	1.3450696651697E-8	0	0	7.8011454734678E-9	0	0	2.2743776556151E-8	0	0	1.9765777164044E-8	0	0	5.1063928337108E-9	0	0	7.2443393194907E-9	0	0	0	0	0	0	0	0	0	0	2.1740340070968E-8	0	0	1.9039613915717E-8	0	1.9838329217559E-7	9.1642583217652E-8	0	1.6064925952379E-8	9.2977459107363E-8	0	0	0	0	1.4302356936293E-8	0	3.050943932595E-8	0	2.8977414444488E-8	0	0	0	0	0	3.5549774437586E-9	0	4.0340044005322E-9	0	2.9320996447055E-8	3.633937780728E-9	0	0	0	0	0	2.036466591422E-8	0	0	0	0	0	0	0	0	0	0	0	0	0	0	0	0	0	8.8876596975447E-9	0	0	0	0	0	0	0	0	0	0	0	0	0	0	0	0	0	0
OM-RGC.v2.005793379	Biota; Bacteria; Bacteroidetes	2.7028277308409E-9	0	0	0	0	0	0	0	0	0	0	0	0	0	0	0	0	0	0	0	0	0	0	0	0	0	0	0	0	0	0	0	0	0	0	0	0	0	0	0	0	0	0	0	0	0	0	0	0	1.8449372269687E-8	0	0	0	0	0	0	0	0	0	0	0	0	0	0	0	0	0	0	0	0	1.9880493679234E-9	8.5662367526755E-9	2.5345141362105E-9	0	0	0	0	0	0	0	0	0	0	0	0	0	0	0	0	0	0	0	0	0	0	0	0	0	0	0	0	0	0	0	0	0	0	0	0	0	6.9509676874707E-9	0	2.0388244288812E-8	0	0	0	0	0	0	0	0	0	0	0	0	8.8576086315056E-9	0	0	0	0	0	0	0	0	0	0	0	0	0	2.2255704938742E-7	0	2.2820749503993E-7	0	0	6.6113665991673E-9	0	0	0	0	0	0	0	0	0	0	0	0	0	0	0	0	0	0	0	0	0	0	0	0	0	0	0	0	0	0	0	0	1.6213979028301E-8	8.6440221911559E-9	2.8874153745389E-8
OM-RGC.v2.005816292	Biota; Bacteria; Bacteroidetes	9.7066225535154E-8	5.1738570665613E-8	2.565787666061E-8	0	1.2119189638267E-8	0	5.9585798164243E-9	5.7154688169016E-9	0	0	0	0	0	0	0	0	0	0	0	0	0	0	0	0	0	0	0	0	0	0	0	0	0	0	0	2.0833371774331E-9	0	0	0	0	0	0	0	0	0	0	0	4.1836222312137E-9	2.7175971744407E-9	0	5.5168903854959E-9	0	4.2939066252022E-8	0	0	0	0	0	3.4476148149589E-8	0	0	2.3343278774871E-7	7.1455514254544E-9	3.338261780366E-7	0	0	0	0	0	0	0	0	0	0	0	0	0	0	0	0	0	0	0	0	0	0	3.4664985792241E-9	0	0	3.9471244533645E-9	0	0	0	0	0	0	0	0	0	0	0	0	0	0	0	0	0	0	0	0	0	0	0	0	0	0	0	0	0	0	0	0	0	0	0	0	0	0	0	0	0	1.917250878235E-8	3.2673973879921E-8	2.2085911140574E-8	1.146314216184E-8	3.0261297724536E-8	0	3.6821324832638E-8	3.8289710051241E-8	0	0	0	0	0	0	0	0	0	0	0	0	0	0	0	0	0	0	0	0	0	0	0	0	0	0	0	0	0	0	0	0	0	0	0	0	0	0	0	0	0
OM-RGC.v2.005898298	Biota; Bacteria; Proteobacteria; Epsilonproteobacteria; Campylobacterales	0	0	0	0	0	0	0	0	0	0	0	0	0	0	0	0	0	0	0	0	0	4.5979687629536E-9	0	0	0	1.688732234204E-8	0	0	0	0	0	0	0	0	0	0	3.8776776394592E-9	0	0	0	8.5258441302061E-9	0	0	4.2215012521776E-9	1.3468086182236E-8	0	1.768432936449E-8	0	5.7800787839972E-9	0	5.4637357621318E-8	0	1.1606195170495E-7	0	7.4999561230103E-8	1.1187518439396E-7	0	7.5797736323633E-9	0	0	0	7.4182389043052E-9	0	1.6936455839718E-8	0	0	0	0	0	0	0	0	0	0	3.404186684111E-8	0	0	0	2.6506669298414E-8	0	0	1.7296389888228E-8	2.9999764365399E-9	0	1.1243550459702E-8	2.282904263783E-9	1.3328296889951E-8	4.1332105770194E-8	0	3.5728281689963E-8	2.0481425696057E-8	0	1.095569857895E-8	1.7235610842218E-8	0	0	0	0	0	0	9.5673227931294E-9	6.5140943815173E-9	2.058871118188E-9	0	1.7946124750043E-9	1.4182113421629E-8	9.3013446733226E-9	0	2.2927312660849E-9	0	0	0	0	3.4522692809874E-9	0	8.7682378577494E-9	6.294617239702E-8	0	0	0	0	0	0	0	0	0	0	0	0	0	0	0	0	0	0	0	0	0	0	0	0	0	0	0	0	0	0	0	0	0	0	0	0	0	0	0	0	0	0	0	0	0	0	0	0	0	0	0	0	0	0	0	0	0	0	0	0	0	0	0
OM-RGC.v2.006306504	Biota; Bacteria; Proteobacteria; Epsilonproteobacteria; Campylobacterales	0	0	0	0	0	0	0	0	0	0	0	0	0	0	0	0	3.2202096382745E-9	0	0	4.3933276381542E-9	0	0	0	0	0	0	0	0	0	0	0	0	0	0	0	0	0	0	0	0	0	0	0	8.5619691175242E-9	0	0	0	2.0541022951122E-8	3.4773258492169E-8	1.9102447394311E-8	0	0	0	0	0	0	0	0	0	0	0	0	0	0	2.847343986141E-9	0	0	0	0	0	1.2323307251365E-8	0	0	0	4.2458719336073E-7	0	0	0	7.7087623060472E-8	0	0	0	0	0	0	0	0	0	0	0	2.9771616756104E-8	3.4473957447313E-9	7.7562467815526E-9	3.223492747216E-8	0	0	0	0	0	0	0	0	0	0	0	0	0	4.7665356358618E-8	0	8.8169198843916E-9	7.7387307967931E-8	0	3.6400693823563E-9	0	0	0	0	0	0	0	0	0	0	0	0	4.6844130104953E-9	0	0	0	0	0	0	0	0	0	0	0	0	0	0	4.3204079188583E-9	9.2656478799353E-10	0	0	0	0	0	0	0	0	0	0	0	0	0	0	0	0	0	0	0	0	0	0	0	0	0	0	0	0	0	0	0	0	0	0	0	0	0	8.5417850523483E-9
OM-RGC.v2.006392117	Biota; Bacteria; Bacteroidetes	0	1.0328513930007E-8	0	0	0	0	0	0	0	0	0	0	0	0	2.948802802752E-8	7.5564507562987E-9	2.5914565397703E-8	0	1.0484891948871E-8	0	0	4.2151063485431E-9	0	0	0	0	0	0	0	5.8208364036967E-8	0	1.9392655570808E-8	2.5514300981737E-7	4.3987353954161E-8	3.4351721226154E-9	3.6072486359508E-8	4.0868105489477E-9	2.1438405993886E-8	8.2820538340341E-9	0	0	8.6494835019769E-9	0	1.4559199040649E-8	3.5309697818173E-9	0	0	0	3.8403559817991E-9	0	0	0	0	0	0	2.6587271054087E-8	0	1.5815754532633E-8	0	0	0	1.5320754532302E-8	0	3.698173287834E-9	0	0	0	0	0	0	0	0	0	0	0	0	0	0	0	0	0	0	0	6.8290342677091E-9	1.411642485829E-8	0	3.056437684593E-8	1.2557337887102E-8	4.1488182734117E-9	5.3210048639909E-8	0	0	0	8.921742790377E-9	0	0	4.7878857142612E-9	0	1.3974590035857E-8	0	4.5365552879379E-9	1.3522081221414E-8	3.0760228638873E-9	0	0	1.4645031070441E-8	0	0	0	0	0	0	0	0	0	1.0872602404587E-8	4.4410481216528E-9	0	0	1.3894053064811E-8	0	0	0	0	0	0	0	0	4.4314275483549E-9	0	0	0	3.7529306781761E-9	7.6459633028506E-9	0	0	0	2.7459744218655E-9	4.2991093168352E-9	0	0	0	0	0	0	0	0	0	0	0	0	0	0	0	0	0	0	0	0	0	0	0	0	0	0	0	0	0	0	0	0	0	0	0	0	0	0	0	0	0
OM-RGC.v2.006429363	Biota; Bacteria	0	0	0	0	0	0	0	0	0	0	0	0	0	0	0	0	0	0	0	0	0	0	0	0	0	0	0	0	0	0	0	0	0	0	0	0	0	0	0	0	0	0	0	0	0	0	0	0	0	3.5275409242292E-8	0	0	0	0	0	0	0	0	0	0	0	0	0	0	0	0	0	0	0	0	0	0	0	0	0	0	0	0	0	0	0	0	0	0	0	0	0	0	0	0	0	0	0	0	0	0	0	0	0	0	0	0	0	0	0	0	0	0	0	0	0	0	0	7.0935321688156E-9	0	0	0	0	0	0	0	0	0	0	0	5.3676104747331E-8	0	0	0	0	0	7.1843215583536E-9	0	0	0	0	0	2.5036825611091E-9	0	0	2.173024160974E-8	0	0	0	0	1.1210463273393E-8	0	0	1.0951024858845E-8	0	1.8515702545394E-8	0	7.4179865653382E-9	0	4.1275382396317E-8	0	0	0	6.0675708617862E-8	6.0277085567747E-9	0	8.8278814416802E-8	0	0	0	0	0	0	0	8.4326438765175E-8	0	1.4495497862413E-7	0	2.9759290238978E-7	0	0	1.4027451678914E-7	0	2.7247296531462E-8	8.5924781387153E-9
OM-RGC.v2.007040851	Biota; Bacteria; Firmicutes	5.5355808648675E-8	2.3804428210749E-7	0	5.3411894813316E-8	5.7629870697438E-8	1.874027905667E-8	2.6272397779611E-8	2.0345796690309E-8	1.7586775532357E-8	2.7915469561047E-8	1.7278493407757E-8	2.3981017776142E-8	1.2844210121298E-8	7.7511874897852E-9	0	0	0	0	0	0	6.6454477384305E-9	0	0	6.4960994331043E-9	6.071941512051E-9	0	1.3920060406581E-8	4.3633106288828E-9	3.6154306618944E-8	0	3.1416051866218E-9	2.9415685758327E-9	1.7192757306664E-8	0	0	0	0	0	0	0	0	0	8.0678880871765E-9	4.4021408239048E-9	0	0	0	2.1491996235819E-8	2.1656625934701E-9	0	0	0	0	0	0	4.8222354786013E-9	0	0	0	4.3622276206972E-9	0	0	0	3.1694025167825E-8	1.4592141948583E-8	1.2941875707005E-8	0	0	9.2076471981593E-9	0	3.2126042909409E-9	3.2767327440939E-8	7.8527696320618E-8	0	1.3149437385314E-8	1.1548324447948E-8	0	0	8.1520565084787E-9	2.3475073620137E-8	0	0	0	0	0	4.5801664160156E-9	7.333320682606E-9	0	3.7101750593569E-9	3.1709371466469E-8	7.7052778774708E-9	0	0	0	0	0	9.9599844796495E-9	8.289511857363E-9	0	4.0562897709873E-9	0	0	0	1.7399148669933E-8	0	0	0	9.7239517403335E-9	4.9251264234579E-9	0	7.0848796993632E-9	0	0	0	0	0	1.8196999458369E-8	0	0	0	0	9.2006658435362E-9	1.0692336102191E-8	4.5467996040285E-9	0	0	6.5780610966326E-9	2.1419386098254E-8	9.2184634802165E-9	1.1723120791407E-8	5.4733311302428E-9	2.1818092530153E-8	6.0935864780959E-8	1.0537388159912E-7	4.5648121462482E-8	5.4544421227465E-8	1.0759707766699E-8	3.217371683035E-8	1.7886417775024E-8	2.3794702997615E-8	3.5517639174307E-8	1.7781744285707E-8	1.1370749251516E-7	0	2.1486941447285E-8	1.1620873022224E-8	8.7833805050133E-9	0	1.6729181126796E-8	3.9516822599293E-8	0	0	1.3541703617873E-8	0	1.9206194424037E-8	0	0	0	0	6.2695610606099E-9	0	4.2631488102523E-9	0	0	0	0	0	0	0	0	0	0	0	1.0606419056313E-8	0	0	1.4033432489145E-7	8.7825719736723E-9	1.7505615008847E-7	1.3469694510824E-7
OM-RGC.v2.007836308	Biota; Bacteria	0	0	0	0	0	0	0	0	0	0	0	0	0	0	0	0	0	0	0	0	0	0	3.7860798229387E-8	0	6.5111583393772E-8	0	0	0	0	0	0	0	0	0	0	0	2.784001530292E-7	0	0	0	0	0	2.0521244105704E-7	0	0	7.6127850498836E-8	0	0	0	0	0	1.4209004162157E-7	0	1.8216525312959E-7	0	0	1.2951454492708E-7	0	0	2.9555915708076E-7	0	0	2.457675648417E-7	0	0	0	0	0	8.6006383605852E-8	0	0	0	0	0	0	2.7843645746121E-7	0	0	0	3.2975691186311E-8	0	0	3.3984822670104E-7	0	0	1.3360117098754E-7	0	0	1.168584259789E-7	0	0	1.3880317921717E-7	0	0	1.0894575539746E-7	0	0	3.6423288580958E-7	0	0	0	0	0	0	0	0	0	0	2.7197981228228E-7	0	0	3.9023226990615E-7	0	1.4789985235599E-8	5.6426321627052E-8	0	0	2.9303301290348E-8	0	0	0	0	1.4352857276559E-7	0	1.4181554019589E-7	0	5.9631271429298E-8	0	0	1.225255205291E-8	1.1140556219571E-7	0	0	0	0	0	8.4055347079322E-8	0	0	0	2.7961771066733E-8	0	0	0	0	0	0	0	0	0	0	0	0	0	0	0	0	0	0	0	0	0	0	0	0	0	0	8.148768705359E-9	0	0	0	0	0	7.9065118145586E-9	0	0	0	0	0	0
OM-RGC.v2.008642803	Biota; Bacteria	0	0	0	0	0	0	0	0	0	0	0	0	0	0	0	0	0	0	0	0	0	0	5.134589961973E-8	0	1.3247872389983E-8	0	0	0	0	0	0	0	0	0	0	0	6.0246423165983E-7	0	0	0	0	0	1.3408470693867E-7	0	0	1.9849687510386E-7	0	0	0	0	0	1.6356060238881E-7	0	9.9893561762245E-8	0	0	5.4459454398915E-8	0	0	1.2880375266535E-7	0	0	8.2795547243086E-8	0	0	0	0	0	1.1250070758507E-8	0	0	0	0	0	0	2.6692533896865E-7	0	0	0	4.0249152746805E-8	0	0	6.772969005422E-7	0	0	3.64905071765E-7	0	0	2.6381934973943E-7	0	0	4.7613118670836E-7	0	0	1.3020470741049E-7	0	0	5.6983781193958E-7	0	0	0	0	0	0	0	0	0	0	1.4830204425436E-7	0	0	1.0428873044468E-6	0	2.2041575792733E-8	7.9883044264716E-7	0	0	6.4902234828229E-7	0	0	0	0	3.5701795310582E-7	0	7.0808376124905E-8	0	2.3373474234385E-7	0	0	2.8548867161391E-8	2.7423952230497E-7	0	0	0	0	0	1.7161556262959E-7	0	0	0	6.390659043876E-8	0	0	0	0	0	0	0	0	0	0	0	0	0	0	0	0	0	0	0	0	0	0	0	0	0	0	0	0	0	0	0	0	0	0	0	0	0	0	0
OM-RGC.v2.009299328	Biota; Bacteria; Proteobacteria; Alphaproteobacteria; Pelagibacterales; Pelagibacteraceae; Candidatus Pelagibacter; Candidatus Pelagibacter ubique	0	6.4636059891058E-9	0	0	0	0	9.6058454381693E-9	0	0	0	0	0	0	0	0	0	0	0	0	0	0	0	0	0	0	0	0	0	0	0	0	0	0	0	0	0	0	0	0	0	0	0	0	0	0	0	4.9491226025896E-9	0	0	0	0	0	0	0	3.8360926145212E-8	1.5333970724767E-8	7.1090268796175E-9	4.6266573589395E-9	0	0	0	0	0	0	0	0	0	0	0	0	0	0	7.6667468549374E-8	4.6896410725154E-9	0	0	7.4709192941127E-9	3.1961489289723E-8	4.6088085971101E-9	0	0	1.7428192635533E-8	0	0	0	0	0	0	0	0	1.6426689275052E-8	0	4.5648744079026E-9	0	0	0	0	0	0	0	0	0	0	0	0	0	0	0	0	0	0	0	0	0	0	4.2550016378141E-9	0	0	0	0	0	0	0	0	0	0	0	0	5.1853857076442E-9	0	0	0	2.2650637532385E-8	0	1.3853793619523E-7	1.7377020569529E-7	5.1877162446458E-9	1.7110138018681E-7	1.046984259214E-7	6.8288369572186E-9	0	7.9853203505244E-9	0	0	0	0	0	0	0	0	0	0	0	0	0	0	0	0	0	0	0	0	0	0	0	0	0	0	0	0	0	0	0	0	0	0	0	0	0	0
OM-RGC.v2.009366811	Biota; Bacteria	0	0	0	0	0	0	0	0	0	0	0	0	0	0	0	0	0	0	0	0	0	0	0	0	0	0	0	0	0	0	0	0	0	0	0	0	0	0	0	0	0	0	0	0	0	0	0	0	0	0	0	0	0	0	2.5576940959511E-8	0	0	0	1.4085119969605E-8	7.5879123983341E-9	0	2.2487344413695E-8	0	0	0	0	0	0	0	0	0	0	0	0	0	0	0	0	0	0	0	0	3.1256432775725E-8	0	0	3.0919387601532E-8	0	0	4.8569940866473E-8	0	0	4.9738741830043E-9	0	0	0	0	0	0	0	1.3462924683826E-8	0	0	0	0	0	0	0	0	0	0	0	0	0	0	9.8261741730299E-8	0	0	2.7104737395086E-7	0	0	0	0	1.0485737273476E-8	0	0	0	7.4261038164186E-9	0	0	0	0	0	0	0	0	0	0	0	0	0	0	0	0	0	0	0	0	0	0	0	0	0	0	0	0	0	0	0	0	0	0	0	0	0	0	0	0	0	0	0	0	0	0	0	0	0	0	0	0	0
OM-RGC.v2.009698582	Biota; Bacteria; Proteobacteria; Alphaproteobacteria; Pelagibacterales; Pelagibacteraceae; Candidatus Pelagibacter; Candidatus Pelagibacter ubique	3.6474554293716E-8	8.7852844141276E-10	0	1.4471125374266E-8	7.4829808789454E-9	8.461693865733E-10	3.6977002406881E-9	3.6019656123824E-9	0	0	0	4.5321605730018E-9	1.4597032735981E-9	0	5.9830695999733E-8	4.340037484432E-8	4.4474355357747E-8	5.5956845710101E-8	2.041147719424E-8	5.1262092316667E-8	2.9214876376059E-7	1.2749836837958E-7	0	2.8555866235353E-7	0	8.3380509127187E-8	1.3519497167786E-7	0	6.5620192456806E-8	1.5588077095214E-7	4.4469087203415E-8	1.0060905569848E-7	4.8636135798217E-8	4.38621885228E-8	1.0862868927053E-7	3.3691313356616E-8	5.8875098668683E-10	9.2469322996161E-8	1.0801944346046E-7	1.1930872688711E-7	1.1315609170174E-7	8.9392022043244E-8	0	8.4316335796824E-8	1.3851594798812E-7	0	1.2071872334272E-7	1.4931091533724E-7	1.9187615192228E-7	0	1.3823297311406E-7	0	1.3545346697416E-7	0	2.2888375525534E-7	1.3333070334984E-7	2.1490437001126E-8	3.7752559743452E-8	7.1674280696619E-9	0	6.2832948189229E-8	5.2964872906294E-8	0	4.6420752671943E-8	0	0	0	0	0	0	0	0	2.4290891333121E-9	7.200949299369E-8	1.7336893378628E-9	0	5.8781180030085E-8	1.3756469475093E-7	2.068169428496E-8	0	3.699639670029E-8	1.5041412882935E-8	0	1.8479365614997E-8	9.9470914728292E-8	0	1.0386402455809E-7	9.8485045622916E-8	4.4573757152154E-9	1.2774974632487E-7	2.0007491748271E-8	0	9.7078799940081E-8	0	0	2.3807449620113E-8	3.9994057600996E-8	1.1207676573095E-8	5.3259876113207E-8	3.527936452316E-8	1.1307937345138E-7	7.3988571789545E-8	1.3319156954406E-7	3.4248158159424E-10	1.0750847800215E-7	8.060137004116E-8	1.4063772466109E-8	0	0	4.7419767421215E-8	0	0	1.6793508476297E-9	0	8.8091129349069E-9	8.0392371369568E-8	8.2878248924364E-8	0	2.6549445644312E-8	5.8042693325104E-8	1.9082319634411E-8	1.5937781880143E-8	0	2.0469482542254E-8	0	2.7562239624672E-8	0	6.1031578431453E-8	2.7325879405661E-8	0	0	3.6567951404506E-8	9.2199798733592E-8	1.2329793751745E-7	1.5550285885204E-7	1.0138888061833E-7	0	5.3434745993104E-9	1.0275176168636E-8	0	0	0	0	0	0	0	0	0	0	0	0	0	0	0	0	0	0	0	0	0	0	0	0	0	0	0	0	0	0	0	0	0	0	0	0	0	0	0	0	0
OM-RGC.v2.010242045	Biota; Bacteria; Bacteroidetes	0	0	0	0	0	0	0	0	0	0	0	0	0	0	0	0	0	0	5.0773319868683E-9	3.7009322830553E-9	0	0	0	1.5230636619982E-8	0	0	9.152609998777E-9	0	2.2690166365822E-9	0	0	0	0	0	0	0	0	0	0	0	0	0	0	0	0	0	0	0	0	0	0	0	0	0	0	0	3.6480940845469E-9	1.9381488281819E-8	0	0	0	0	0	0	0	0	0	0	0	0	0	0	0	0	0	0	0	0	0	0	0	0	0	0	0	0	0	0	0	0	0	0	0	4.922710536514E-8	0	1.01935104086E-8	1.1734672623279E-8	1.4501850165007E-8	1.1455386913161E-8	0	8.8949476773072E-9	4.121645172296E-8	1.0671085199837E-8	0	0	3.4367549660127E-8	4.7497841856828E-8	0	0	0	0	0	0	0	0	0	0	0	0	0	0	0	0	0	0	0	0	0	0	0	0	0	0	0	0	0	0	0	0	0	0	0	0	0	0	0	0	0	0	0	0	0	0	0	0	0	0	0	0	0	0	0	0	0	0	0	0	0	0	0	0	0	0	0	0	0	0	0	0	0
OM-RGC.v2.012019133	Biota; Bacteria; Bacteroidetes	0	0	0	0	0	0	0	0	0	0	0	0	0	0	0	0	0	1.3733197421504E-8	0	2.1729874733681E-8	0	0	0	2.8888536302616E-9	0	0	0	0	0	0	0	0	5.4947332626263E-9	0	0	0	0	0	0	0	0	0	0	0	0	0	0	0	0	0	0	0	0	0	0	0	0	0	0	0	0	0	0	0	0	0	0	0	0	0	0	0	0	0	0	0	0	0	0	0	0	0	0	0	0	0	0	0	3.0211043871992E-8	1.0781067379484E-8	0	0	1.0311245721367E-8	0	0	0	0	0	0	0	0	0	2.8695355159105E-9	0	5.0870225970662E-8	0	1.211661798083E-8	0	0	0	0	0	0	0	0	4.8056489085658E-9	0	0	1.0441330952827E-8	0	0	0	0	0	0	0	0	0	0	0	0	0	0	0	0	0	0	0	0	0	0	0	2.8655978732037E-7	0	1.623052411565E-8	0	0	0	0	1.2552402472725E-8	0	0	0	0	0	0	0	0	0	0	0	0	0	0	0	0	0	0	0	0	0	0	0	0	0	0	5.6331721266987E-9	2.4080017770502E-8	0	0
OM-RGC.v2.012767302	Biota; Bacteria	0	0	0	0	0	0	0	0	0	0	0	0	0	0	8.3797332200312E-8	1.6150178006817E-9	1.0368114533179E-7	5.8747249718615E-9	0	2.8254000433915E-9	0	0	0	2.5478385776639E-8	0	1.2942163752483E-8	7.7651741923687E-8	0	6.7103066649751E-9	1.307676323928E-7	3.3791970282728E-9	7.188894168444E-8	1.105945967142E-7	2.9110764080761E-7	0	7.9310074431843E-9	0	1.0124876689893E-7	5.9281118381624E-8	2.352323584334E-8	5.2252724066034E-8	4.3679268376716E-8	0	6.0978383403131E-8	0	0	4.1688608347733E-9	0	0	0	0	0	0	0	0	1.2651046923672E-8	6.9673852731249E-8	8.1745386237709E-8	7.171684097891E-8	0	9.0750870488409E-8	0	0	3.4424924747409E-8	0	0	0	0	0	0	0	0	1.4406711932213E-8	1.093616703546E-8	5.6058127800541E-8	0	1.2435674187643E-7	1.0368030024224E-7	0	0	2.626768345206E-8	0	1.5380445994987E-9	1.5796650419385E-8	1.1431056620876E-8	0	4.1036021895383E-8	9.3622328442957E-9	0	0	0	0	2.6187224457518E-8	8.4277867141805E-8	0	4.2655361546232E-7	0	0	4.4059180435238E-8	0	0	0	1.456550669266E-8	0	2.5916529143219E-8	1.3320851472954E-8	0	0	0	4.3529214704582E-8	7.9127739124752E-9	0	0	0	0	7.7644305189918E-8	0	0	6.786876927311E-8	1.7363563486777E-8	0	0	0	0	0	0	0	3.6576615218797E-9	1.2092235496322E-8	0	0	0	0	1.0431941834255E-8	0	0	0	0	0	0	0	0	0	0	0	0	0	0	0	0	0	0	0	0	0	0	0	0	0	0	0	0	0	0	0	0	0	0	0	0	0	0	0	0	0	0	0	0	0	0
OM-RGC.v2.012886304	Biota; Bacteria	0	0	0	0	0	0	0	0	0	0	0	0	0	0	0	0	0	0	0	0	0	0	0	0	0	0	0	0	0	0	0	0	0	0	0	0	0	0	0	0	0	0	0	1.7393824718873E-8	0	0	0	0	0	0	0	0	0	0	0	0	0	0	1.0607269097114E-7	0	1.040579958084E-7	1.051015644859E-7	2.0389665635872E-8	3.8576977258652E-8	0	0	0	0	0	0	0	0	0	0	0	0	0	0	0	0	1.7919931070918E-8	0	0	1.059183151105E-8	0	0	0	0	0	0	0	0	0	0	0	0	0	0	0	0	0	4.5605145582734E-9	0	0	0	0	1.3157999781767E-8	0	0	0	0	0	0	0	0	0	0	0	0	0	0	0	0	0	0	0	0	0	1.2141390925184E-8	0	0	0	0	0	0	0	0	0	0	0	0	0	0	0	0	0	0	0	0	0	0	0	0	0	0	0	0	0	0	0	0	0	0	0	0	0	0	0	0	0	0	0	0	0	0	0	0	0	0	0
OM-RGC.v2.013177356	Biota; Bacteria	0	0	0	0	0	0	0	0	0	0	0	0	2.3734653069202E-8	2.0357605537475E-7	0	0	0	0	0	3.5494521930938E-9	8.8605969845739E-9	0	0	1.2602432900264E-8	0	0	1.309195482997E-8	0	1.1836032320085E-8	0	0	0	0	0	0	0	0	0	0	0	1.2148801598868E-8	0	0	0	0	0	0	2.5977864609118E-8	0	0	0	0	0	0	0	0	0	0	0	0	0	0	0	0	0	0	0	0	0	0	0	0	0	0	0	0	0	0	0	0	0	0	0	0	1.094695800153E-8	0	9.3616859778021E-9	0	0	2.2683783124002E-8	0	0	0	0	0	0	0	0	0	0	0	9.3288265216684E-9	5.9597477600515E-9	0	1.0494421098759E-8	0	1.742421744388E-8	0	0	0	0	0	0	0	0	1.0085929808145E-8	0	0	0	0	1.660868560774E-8	4.6553796404798E-8	0	0	0	0	0	0	3.3493750644849E-8	1.5630827721876E-8	0	6.0887700084274E-9	0	0	0	0	0	0	0	0	0	0	0	0	0	0	0	0	0	0	0	0	0	0	0	0	0	0	0	0	0	0	0	0	0	0	0	0	0	0	0	0	0	0	0	0	0	0	0	0
OM-RGC.v2.013663594	Biota; Bacteria; Bacteroidetes	0	0	0	0	0	0	0	0	0	0	0	0	0	0	0	0	9.135155375542E-9	0	0	0	0	0	0	8.8064276833897E-9	0	0	3.4587391076002E-8	0	7.9955541783044E-9	0	8.1345228188064E-9	0	0	0	0	0	0	0	0	0	0	0	0	0	1.0160847207539E-8	0	0	0	0	0	0	0	0	0	0	0	2.9211854049854E-8	1.592919688434E-8	0	0	0	0	0	0	0	0	0	0	0	0	0	0	0	0	8.9130077674461E-9	0	0	0	1.0939127290258E-8	0	0	0	0	0	0	0	0	0	0	0	0	0	0	2.5160061258196E-8	0	0	1.7593825760134E-8	3.3485970302409E-8	0	0	0	1.9066700299634E-8	8.0368005688987E-9	0	0	8.0703987929742E-8	7.2710169201033E-8	0	0	0	0	0	0	0	0	0	6.0723041642841E-9	0	0	0	0	0	0	0	0	0	0	0	0	0	0	0	0	0	0	0	0	0	0	0	0	0	0	0	0	0	0	0	0	0	0	0	0	0	0	0	0	0	0	0	0	0	0	0	0	0	0	0	0	0	0	0	0	0	0	0	0	0	0	0
OM-RGC.v2.013684291	Biota; Bacteria; Proteobacteria	0	0	0	0	0	0	0	0	0	0	0	0	0	0	0	0	0	1.2549188417982E-9	0	0	0	0	0	0	0	0	0	0	0	3.1608079597268E-8	0	0	2.3640979115521E-8	0	0	0	5.7625738702747E-9	1.168774989082E-8	1.4817460129565E-8	2.7933996311837E-9	1.2414199821391E-8	1.7616658274792E-8	0	5.9677557612892E-9	0	0	2.7784274406984E-8	0	0	0	0	0	0	0	0	0	0	0	1.8655505057607E-8	0	0	0	0	1.8196708216993E-8	0	0	0	0	0	0	0	0	0	0	0	0	0	1.4271555088627E-8	0	0	0	0	0	0	0	0	0	0	0	0	0	0	0	0	0	2.2131117301742E-8	0	0	0	0	0	0	0	0	0	0	0	0	0	0	0	0	0	0	0	0	0	0	0	3.1040367705072E-7	0	0	0	0	0	0	0	0	0	0	0	0	0	0	0	0	0	0	0	0	0	0	0	0	0	0	0	0	0	0	0	0	0	0	0	0	0	0	0	0	0	0	0	0	0	0	0	0	0	0	0	0	0	0	0	0	0	0	0	0
OM-RGC.v2.014552428	Biota; Bacteria; Proteobacteria	0	0	0	0	0	0	0	0	0	0	0	0	0	0	0	0	0	0	0	0	1.7888572424571E-8	0	3.7204819714253E-7	0	4.0879149089028E-8	0	0	5.1053418554181E-8	0	0	0	0	0	0	0	0	0	0	0	0	0	0	0	0	0	0	0	0	0	0	0	0	0	0	0	0	0	0	0	0	0	0	0	0	0	0	0	0	0	0	0	0	0	0	0	0	0	0	0	0	0	0	0	0	0	0	0	0	0	0	0	0	0	0	0	0	0	0	0	0	0	0	0	0	0	0	0	0	0	0	0	0	0	0	0	0	0	0	0	0	0	0	0	0	0	0	0	0	0	0	0	0	0	0	0	0	0	0	0	0	0	0	0	0	0	0	0	0	0	0	0	0	0	0	0	0	0	0	0	0	0	0	0	0	0	0	0	0	0	0	0	0	0	0	0	0	0	0	0	0
OM-RGC.v2.014832960	Biota; Bacteria; Proteobacteria; Epsilonproteobacteria; Campylobacterales; Helicobacteraceae; Helicobacter	0	0	0	0	0	0	0	0	0	0	0	0	0	0	0	0	0	0	0	9.6276883641512E-9	0	0	0	0	0	0	0	0	0	0	0	0	0	0	0	0	0	0	0	0	0	0	0	0	0	0	0	0	0	0	0	0	0	0	0	0	0	0	0	0	0	0	0	0	6.2397669424931E-9	0	0	0	0	0	0	0	0	0	8.0951873553039E-8	0	0	0	2.9633498219302E-7	0	0	0	0	0	0	0	0	0	0	0	8.5376423997048E-8	7.554740877964E-9	0	0	0	0	0	0	0	0	0	0	0	0	0	0	0	0	0	0	0	0	7.9769724736341E-9	0	0	0	0	0	0	0	0	0	0	0	0	1.9330761065047E-8	0	0	0	0	0	0	0	0	0	0	0	0	0	0	0	2.0305057493896E-9	0	0	0	0	0	0	0	0	0	0	0	0	0	0	0	0	0	0	0	0	0	0	0	0	0	0	0	0	0	0	0	0	0	0	0	0	0	0
OM-RGC.v2.015173117	Biota; Archaea; Euryarchaeota; Methanomicrobia; Methanosarcinales; Methanosarcinaceae; Methanohalobium; Methanohalobium evestigatum Z-7303	0	0	0	0	0	0	0	0	0	0	0	0	0	0	0	0	0	0	0	0	0	0	2.3616841882596E-8	0	1.4798342410826E-8	0	0	6.4282113109483E-8	0	0	0	0	0	0	0	0	0	0	0	0	0	0	0	0	0	0	0	0	0	0	0	0	0	0	0	0	0	0	0	0	0	0	0	0	0	0	0	0	0	0	0	0	0	0	0	0	0	0	0	0	0	0	0	0	0	0	0	0	0	0	0	0	0	0	0	0	0	0	0	0	0	0	0	0	0	0	0	0	0	0	0	0	0	0	0	0	0	0	0	0	0	0	0	0	0	0	0	0	0	0	0	0	0	0	0	0	0	0	0	0	0	0	0	0	0	0	0	0	0	0	0	0	0	0	0	0	0	0	0	0	0	0	0	0	0	0	0	0	0	0	0	0	0	0	0	0	0	0	0	0
OM-RGC.v2.015305628	Biota; Bacteria; Proteobacteria; Alphaproteobacteria; Pelagibacterales; Pelagibacteraceae; Candidatus Pelagibacter; Candidatus Pelagibacter ubique	1.3137449820959E-8	0	1.1371647384036E-8	0	8.857632181169E-9	0	0	0	0	0	0	4.4180172696692E-9	2.07359822668E-8	8.5992940742631E-9	1.2526443810408E-8	0	5.747877048642E-8	7.4565656611998E-8	0	2.1217916914005E-7	2.2493028199717E-7	1.5536505171283E-7	0	1.2464715592266E-7	0	1.7802578098008E-7	6.5813099195909E-8	0	7.8344102201761E-8	7.3317356344667E-8	1.4137223339829E-7	2.117804386093E-7	5.4161115567933E-8	9.6841524673093E-8	5.1451244681065E-8	4.4790021837552E-8	3.3758981576888E-8	5.5184945156359E-8	9.2568228749902E-8	3.531563091019E-8	8.2746159231705E-8	2.6886516209672E-8	0	3.6576507677744E-8	1.1375903896278E-7	0	1.0396650963708E-7	1.2292618407802E-7	4.0679806156019E-8	0	0	0	0	0	1.6477176330832E-8	0	0	2.9610607097196E-8	8.9831765139423E-9	0	9.0998809374611E-8	2.7044779548182E-8	1.0494335613047E-8	2.2271563779138E-8	0	0	0	0	0	0	0	0	1.1897110735992E-7	2.7492551823472E-8	0	0	1.1660732808434E-7	7.9084675797186E-8	5.1002608611352E-8	0	3.6886839000952E-8	8.8828376919436E-8	0	8.511889721113E-8	1.3824444104786E-8	0	9.655642917503E-8	5.4265998161034E-8	1.1993035080956E-8	4.5980537069631E-8	3.314658558313E-8	0	5.6385328686301E-8	0	0	8.8145549727772E-8	7.1711888253535E-9	5.12442551182E-9	3.7560760192678E-8	0	3.1227704335583E-8	5.5051001849223E-8	5.416347166707E-8	0	4.9499400088606E-8	4.0719133985459E-8	3.7127710899343E-8	0	0	0	7.2763798139224E-9	0	1.1263881911745E-8	0	0	1.1796906940781E-7	4.9854179439191E-8	0	3.2393402918772E-8	7.2517219750106E-8	9.182230471708E-8	1.3316902193187E-8	0	3.9284348578992E-8	0	1.3817869465147E-8	0	3.7012699177792E-8	0	0	0	3.3211472773203E-8	0	1.1451953924722E-8	6.5799093999894E-9	1.975580447226E-8	0	0	0	0	0	0	0	0	0	0	0	0	0	0	0	0	0	0	0	0	0	0	0	0	0	0	0	0	0	0	0	0	0	0	0	0	0	0	0	0	0	0	0	0
OM-RGC.v2.017406789	Biota; Bacteria	0	0	0	0	0	0	0	0	0	0	0	0	0	0	0	0	0	0	0	0	0	0	0	0	0	0	0	0	0	0	0	0	0	0	0	0	4.2604668524823E-8	0	0	0	0	0	1.6786055032295E-7	0	0	3.2641665402058E-7	0	0	0	0	0	1.1042196569195E-7	0	4.7799776400529E-8	0	0	2.8858586830092E-8	0	0	4.5247704566237E-8	0	0	7.0365625254024E-8	0	0	0	0	0	0	0	0	0	0	0	0	1.1617533918512E-7	0	0	0	0	0	0	7.7332725919248E-8	0	0	1.3276534338349E-8	0	0	1.9840439234594E-8	0	0	4.7028487938625E-8	0	0	3.560776079663E-8	0	0	5.0641381528526E-8	0	0	0	0	0	0	0	0	0	0	5.226090417172E-8	0	0	3.4329323772302E-8	0	1.6864341029312E-9	0	0	0	0	0	0	0	0	3.2826860448767E-8	0	6.0855681006545E-8	1.4804860141259E-8	1.122604619109E-7	0	0	7.2348402598299E-8	1.2078291242201E-7	0	0	0	0	0	2.6883231481367E-7	0	0	0	1.2397303457691E-7	0	0	1.7794839025058E-8	0	0	0	0	0	0	0	0	0	0	0	0	0	0	0	0	0	0	0	0	0	0	0	0	0	0	0	0	0	0	0	0	0	0	0	0
OM-RGC.v2.017434825	Biota; Bacteria	0	0	0	0	0	0	0	0	0	0	0	0	0	0	0	0	0	0	0	0	0	0	0	0	0	0	6.023200561199E-9	0	0	0	0	1.3237058591315E-8	0	9.0546394396014E-9	5.5126333587008E-9	0	0	0	0	0	3.3484643832529E-8	0	0	1.9458720196225E-8	2.8274008904562E-8	0	7.9851389890141E-9	0	0	0	0	0	0	0	0	7.288183300641E-9	0	0	0	0	0	0	0	0	0	0	0	0	0	0	0	0	0	3.2157538782859E-9	4.8959610742828E-8	0	2.3732692894638E-7	1.1804057009892E-8	0	0	0	0	0	0	1.1728883573089E-8	0	0	0	0	9.6704549107389E-9	0	0	0	0	0	1.6819292174206E-8	0	0	0	0	0	0	0	0	0	0	0	0	0	7.1165139066888E-9	0	0	0	0	0	2.2057928490379E-8	0	0	0	0	1.7976602133742E-8	0	0	7.0150622462695E-9	0	0	0	0	0	0	0	0	1.2425492589181E-8	0	0	2.282149149664E-8	0	0	0	0	0	0	8.4461905888925E-9	0	0	0	0	0	0	0	0	0	0	0	0	0	0	0	0	0	0	0	0	0	0	0	0	0	0	0	0	0	0	0	0	0	0	0	0	1.9909456573579E-8
OM-RGC.v2.019393990	Biota; Bacteria; Bacteroidetes	0	0	0	0	0	0	0	4.6903517584557E-8	0	0	0	0	0	0	0	0	0	0	0	0	1.7635362485426E-8	1.6162556863659E-8	0	0	0	4.8271986341739E-8	0	0	0	0	0	0	0	0	2.7890002763295E-8	0	0	0	0	0	0	0	0	0	1.1712942277203E-8	0	0	0	3.8732840151853E-8	0	0	0	1.5433753796914E-8	0	0	2.7537738039365E-8	0	0	0	0	0	2.5752511941871E-8	9.7738250115696E-9	0	0	0	0	0	0	0	0	0	0	0	0	0	0	0	1.3339728832085E-8	0	0	6.8882176787989E-9	0	1.0507997687416E-8	0	0	5.5153240732173E-8	1.7214643716131E-8	0	1.7963478221615E-8	0	0	6.5734191473781E-9	0	0	0	0	0	0	0	0	0	0	0	0	0	0	0	0	0	0	0	0	0	0	0	0	0	0	0	0	0	0	0	0	0	0	0	0	0	0	0	0	0	0	0	0	0	0	0	0	0	0	0	0	0	0	0	0	0	0	0	0	0	0	0	0	0	0	0	0	0	0	0	0	0	0	0	0	0	0	0	0	0	0	0	0	0	0	0
OM-RGC.v2.019987503	Biota; Bacteria; Bacteroidetes	0	0	0	0	0	0	0	0	0	0	0	0	0	0	0	0	0	0	0	0	0	0	0	0	0	0	0	0	0	1.0541175886655E-8	0	0	0	0	5.2157992547563E-8	5.469457725623E-9	0	0	0	1.1479482104266E-8	1.1411514451191E-9	0	0	3.6571631460172E-9	0	0	0	0	0	0	0	0	0	0	3.8024253071151E-8	1.6238466832364E-8	3.2758395861184E-8	4.6716891888031E-8	0	0	0	0	0	0	0	0	0	0	0	0	0	0	7.8836849538967E-8	0	6.621371327652E-8	0	0	5.7244760550745E-8	1.6432712424615E-7	0	5.8893305616557E-8	0	0	0	2.454043332228E-9	0	9.4842021091996E-9	6.2360513821185E-9	0	4.7466701759774E-9	2.5317172250691E-7	0	0	1.9410219327055E-8	0	0	2.3469345246558E-7	1.3773342778386E-8	1.6155032826275E-8	4.9334468328589E-8	8.5369957230601E-9	2.3368930110832E-8	2.5954580852337E-8	0	4.1968623277875E-8	0	8.3834963644379E-9	0	0	0	0	0	0	0	0	1.1374601301317E-8	0	0	2.5935063561356E-8	3.3016188917411E-9	2.6399205930681E-8	0	0	1.5109364838088E-8	0	0	0	1.4235653529904E-8	2.28986632849E-8	0	0	0	0	0	0	0	0	0	0	0	0	0	0	0	0	0	0	0	0	0	0	0	0	0	0	0	0	0	0	0	0	0	0	0	0	0	0	0	0	0	0	0	0	0	0	0	0	0	0	0
OM-RGC.v2.021332455	Biota; Bacteria	0	0	0	0	0	0	0	0	0	0	0	0	0	0	0	0	0	0	0	0	0	0	0	0	0	0	0	0	0	6.5268993798711E-8	0	0	2.5110899772458E-7	1.0356759890931E-7	2.33742356698E-8	3.4038646483993E-8	0	0	0	5.5704840371515E-8	0	0	0	0	0	0	0	0	0	0	0	0	0	0	0	0	0	0	0	0	0	0	0	0	0	0	0	0	0	0	0	0	0	0	0	0	0	0	0	0	0	0	0	0	0	0	0	0	0	0	0	0	0	3.1985397025072E-8	0	2.2214999147251E-7	0	0	0	0	0	0	0	0	0	0	0	0	0	3.1797189795844E-8	0	0	0	0	0	0	0	0	0	0	0	0	0	0	0	0	0	0	0	0	0	0	0	0	0	0	0	0	0	0	0	0	0	0	0	0	0	0	0	0	0	0	0	0	0	0	0	0	0	0	0	0	0	0	0	0	0	0	0	0	0	0	0	0	0	0	0	0	0	0
OM-RGC.v2.021386168	Biota; Bacteria; Proteobacteria; Alphaproteobacteria; Pelagibacterales; Pelagibacteraceae; Candidatus Pelagibacter; Candidatus Pelagibacter ubique	0	1.1987226988688E-8	0	9.1316204159816E-8	1.1605461324348E-7	1.5060339748857E-8	0	2.8290252789287E-8	8.9652489783244E-8	8.8464320984311E-8	1.2678401431526E-8	0	0	0	0	0	0	0	0	0	0	0	0	0	0	0	0	0	0	0	0	0	0	0	0	0	0	0	0	0	0	0	0	0	0	0	0	8.0784927430982E-8	4.1413414558506E-8	2.5407122116057E-8	1.2687466937921E-8	0	0	0	4.1025948167833E-8	0	0	0	0	0	0	1.78651357025E-8	0	0	2.3503335807119E-8	0	0	0	0	0	6.2207197638252E-8	1.4585954828702E-7	3.1834499496724E-7	0	0	0	0	0	1.7044568738289E-8	8.8009416331086E-9	3.1766146634399E-8	6.6806010639226E-8	0	3.1256146039971E-8	0	0	0	0	7.436977436926E-9	0	1.1074117233297E-8	0	9.709451183796E-9	0	0	0	0	0	0	0	0	0	0	0	0	0	0	1.3120971257113E-8	0	0	5.2306511170318E-8	0	1.3328062811947E-7	0	0	0	9.3996481717477E-9	0	0	0	0	0	0	0	0	8.873150811515E-8	0	0	0	0	0	0	0	0	2.0417491020309E-8	8.4020893305857E-9	0	0	3.0396931436079E-9	1.2259500709282E-7	0	6.4126857651281E-8	0	1.383042384461E-8	1.0417960571077E-7	0	0	0	2.7085393149258E-8	2.6987018975132E-8	0	0	0	0	0	0	0	0	0	0	0	0	0	0	0	0	0	0	0	0	0	0	0	0	0	0	1.6620297655907E-8	0	1.4080081847985E-8	7.3466486009231E-8
OM-RGC.v2.021694560	Biota; Bacteria	2.6415208064141E-8	2.0312427754265E-8	2.7377187131882E-8	4.4232166725344E-8	2.1716249331529E-8	8.7200679835091E-9	0	9.6961404799189E-9	0	0	0	0	0	0	3.1060637252759E-8	0	2.644085726615E-8	3.8952352051151E-8	0	9.0043855201204E-8	9.8378866008169E-8	1.4066631770854E-7	0	5.2324189434033E-8	0	1.2134807202974E-7	1.3532084675601E-8	0	7.9412723136186E-8	1.3741114063651E-7	4.8725166186858E-8	1.3603060211347E-7	1.6796367790294E-7	2.940036961043E-8	7.7164165101419E-8	7.9494863408484E-8	0	4.7413259331569E-8	4.6214358685165E-8	6.3983600468322E-8	2.4497823917293E-8	0	0	7.5711504219249E-8	1.1488056518991E-7	1.5451734025828E-8	1.2672868496069E-7	7.4875341724984E-8	7.4613100715956E-8	0	1.9296903119518E-8	0	1.0178469669737E-7	0	3.98641362843E-8	7.9843076632769E-8	4.3369650434515E-8	1.1769192913062E-8	7.4871878444933E-8	0	0	1.1499979573281E-7	0	1.6841869693E-7	0	0	0	0	4.4909556657083E-9	0	1.4973480853796E-8	1.2082325117128E-8	0	0	9.7991009771157E-8	0	2.3135750072093E-8	4.2782733851422E-8	1.4200356498661E-8	0	3.2542683757443E-8	9.9627265789482E-8	0	1.35711434732E-7	7.9247409541572E-8	0	1.3559787924097E-8	1.2432642540559E-8	2.2438080634695E-8	3.6765554384217E-8	0	0	2.1262969135943E-8	1.7567354300604E-7	0	6.438220701378E-8	3.4524051773976E-8	3.0234266467021E-9	8.2031929881453E-8	7.4155519416664E-8	0	9.8869286349892E-8	4.326377502281E-8	7.5770486143457E-9	8.9537654667378E-8	4.8194910785084E-8	7.1455784738584E-8	1.2832194378717E-8	0	2.469019021723E-8	0	0	0	0	0	1.1877002212304E-7	3.9744414201674E-8	0	2.4870840127729E-8	1.2586816889345E-8	8.7384210254793E-8	4.300919040982E-8	0	7.2546878881122E-8	0	4.0606031358412E-8	0	1.1678026039641E-7	8.663867304142E-8	4.7958221419302E-8	9.4378847641389E-9	8.4854919594368E-8	2.8057563911046E-8	5.9867603951569E-8	8.2126462640668E-8	0	0	0	7.789246450429E-9	0	0	1.0133682227333E-8	0	0	0	0	0	0	0	0	0	0	0	0	0	0	0	0	0	0	0	0	0	0	0	0	0	0	0	0	0	0	0	0	0	0	0	0	0	0
OM-RGC.v2.022579067	Biota; Bacteria; Firmicutes; Bacilli; Bacillales; Bacillaceae	0	0	0	0	0	0	0	0	0	0	0	0	0	0	0	0	0	0	0	0	0	0	0	0	0	0	0	0	0	1.1236786478154E-8	0	1.2218823315045E-8	0	0	0	0	0	0	0	0	8.1510817508505E-9	0	0	7.8367781700368E-9	0	0	0	0	0	0	0	0	0	0	0	0	0	0	0	0	0	0	0	0	4.9828426597221E-9	0	0	0	1.8452298441619E-8	0	0	0	0	0	0	0	0	0	2.9658443016213E-7	0	0	0	2.329896229618E-8	0	0	0	0	0	7.6053309921052E-9	0	3.4292720223983E-8	0	0	0	0	0	0	0	0	0	0	1.2455521125056E-8	0	0	0	0	0	0	8.6783400559244E-9	0	0	1.446902921546E-8	0	0	0	0	0	0	0	0	0	0	0	0	0	1.6996255523465E-8	0	0	0	0	0	0	0	0	3.2538013516475E-8	0	3.8309289191333E-8	0	0	0	1.6094706423023E-8	5.054444529562E-8	0	3.0798759851099E-8	0	2.5105760916256E-8	0	0	0	0	4.3306825386643E-9	0	0	0	3.4278692861451E-8	0	0	0	0	0	0	3.5843638560381E-8	0	0	0	0	0	0	0	0	0	8.0256279180484E-9	0	0	0	0	0	0	2.5005921338658E-8	0
OM-RGC.v2.023297984	Biota; Bacteria	0	0	0	0	0	0	0	0	0	0	0	0	0	0	1.3505864034166E-8	0	1.213498792262E-8	0	0	6.6334214570023E-9	0	0	0	0	0	0	0	0	0	0	0	0	6.3639777534235E-9	3.1705690775142E-8	0	1.0214310517142E-8	0	0	0	3.6566026500863E-8	0	8.1830266981792E-9	0	0	0	0	0	0	0	0	0	0	0	0	0	0	0	8.332730699765E-8	1.6937553483036E-8	0	0	0	0	0	0	0	0	0	0	0	0	0	0	0	1.2143477690209E-8	0	0	2.6276664819384E-8	0	0	0	0	0	0	0	0	2.7664532089285E-8	0	0	0	0	0	0	0	0	1.597230692759E-8	0	0	1.7421289843105E-8	0	0	0	0	0	0	0	0	0	0	4.0040329990343E-7	0	0	0	0	0	0	0	0	3.6147580785262E-8	0	0	0	0	0	0	0	0	0	0	0	0	0	7.2886967702121E-9	0	0	0	0	0	0	0	0	0	0	0	0	0	0	0	0	0	0	0	0	0	0	0	0	0	0	0	0	0	0	0	0	0	0	0	0	0	0	0	0	0	0	0	0	0	0	0
OM-RGC.v2.023485386	Biota; Bacteria	0	0	0	0	0	0	0	0	0	0	0	0	0	0	0	0	0	0	0	0	7.6364951028923E-9	0	0	0	0	0	0	0	0	0	0	0	0	0	0	0	0	0	0	0	0	0	0	3.2452186455751E-9	0	0	0	0	0	0	0	0	0	0	0	0	0	0	0	0	0	0	0	1.4440795342035E-8	0	0	0	0	0	0	0	0	0	0	0	0	0	0	0	5.3898772590176E-8	0	0	0	1.0120385363134E-7	2.9588415054245E-7	1.6505441384765E-8	4.8778065506249E-8	2.9425550426497E-8	4.5165014659076E-8	1.7602401073505E-7	1.3955210573845E-8	0	0	0	0	7.8742004560892E-9	0	0	0	0	5.8213462580931E-9	0	2.4879215493974E-8	0	0	3.6969104649693E-8	1.6531501257962E-8	0	0	0	3.4193016837426E-8	0	3.3355346205214E-8	0	0	3.972354787436E-8	8.1532623329562E-9	0	0	0	0	0	0	0	0	8.7332040159049E-9	0	0	0	0	0	0	0	0	1.4804796149976E-8	0	0	9.4420094555864E-8	7.0201677629661E-8	1.4437235526646E-8	0	2.9769437062574E-8	0	0	0	0	0	0	0	0	0	0	0	0	0	0	0	0	0	0	0	0	0	0	0	0	0	0	0	0	0	0	0	0	0	0	0	0	0	0
OM-RGC.v2.026042839	Biota; Bacteria	0	0	0	0	0	0	3.5467737002427E-9	0	0	0	0	0	0	0	0	0	0	0	0	0	0	0	0	0	0	0	0	0	0	0	0	0	0	0	0	0	0	0	0	0	0	0	2.8500071425197E-8	0	0	0	0	0	3.9258577237952E-8	0	0	0	1.8512502521862E-8	0	0	0	0	0	0	0	0	0	0	0	0	0	0	0	1.0045731004402E-8	0	3.0476327192349E-8	4.5112307007583E-8	5.2953241774718E-9	0	0	0	0	0	2.2505351071676E-8	0	0	3.1259534937118E-9	0	0	0	0	0	0	8.3223318937159E-9	0	0	0	0	0	0	0	0	0	0	3.8331938335822E-9	0	0	0	0	0	0	0	0	0	0	7.8078266074896E-9	0	0	0	0	0	0	0	0	0	0	0	0	0	0	0	0	0	0	0	0	0	0	0	3.5249514642845E-8	0	0	9.971632098944E-8	2.5844476308523E-7	0	0	0	0	1.112177439064E-8	1.1961802455173E-8	1.4966446393504E-8	8.4696883440998E-9	0	3.833360042067E-8	5.4436439294885E-9	0	0	0	7.040249057834E-9	0	0	0	0	0	0	0	2.3971957251483E-8	7.9819389893459E-9	0	0	5.619267747941E-8	6.514080671223E-9	0	0	9.4964837252032E-9	1.8684076133414E-8	6.5563101538075E-8	1.2402171510222E-8	2.857716899095E-8	0	0	0	1.6937817377774E-8	2.6997606116449E-8	0
OM-RGC.v2.028656205	Biota; 	0	0	0	0	0	0	0	0	0	0	0	0	0	0	0	0	1.4458954534815E-8	0	0	3.2452374078645E-9	0	0	0	0	0	0	0	0	0	0	0	0	0	0	0	0	8.0153320278236E-9	0	0	0	0	0	0	0	0	0	0	0	0	0	0	2.9997258323081E-8	0	0	0	0	0	0	0	0	0	2.3289400122678E-8	0	0	0	0	0	0	0	0	0	0	0	0	0	0	0	0	8.7015194223897E-9	0	0	0	0	0	0	0	0	0	0	0	1.6533179021901E-8	9.453654904159E-9	0	1.9911439207631E-8	0	0	0	8.8035514246701E-9	0	0	0	0	0	1.8355525716047E-7	0	0	0	4.4021225232574E-8	2.846841558043E-8	0	0	0	0	1.5912446487172E-8	0	0	0	0	0	0	1.781858985732E-8	0	0	0	0	0	4.0039134957321E-8	0	0	5.5898324303311E-8	1.73195836367E-8	0	0	0	0	0	0	0	0	0	0	0	0	0	0	0	0	0	0	0	0	0	0	0	0	0	0	0	0	0	0	0	0	0	0	0	0	0	0	0	0	0	0	0	0	0	0	0	0	0
OM-RGC.v2.029396352	Biota; Bacteria; Bacteroidetes	0	0	0	0	0	0	0	0	0	0	0	0	0	0	0	0	0	0	0	0	4.1188534737399E-8	5.4909541975564E-8	0	5.4636645615696E-8	0	4.2242456022559E-8	2.5377951721055E-9	0	4.4341014323488E-8	7.5754852088609E-8	0	1.2364086234115E-7	5.9298324217645E-8	7.727895549116E-8	2.3140114587838E-8	1.8337285930843E-8	0	2.7246548264423E-8	8.3250561020308E-9	0	2.0118656299605E-8	0	0	1.8024053025482E-8	6.4204027279766E-8	0	0	0	0	0	0	0	0	0	0	0	8.273738680696E-8	1.3969219870236E-9	0	0	0	3.5273446017212E-8	1.9235078548299E-8	3.2810997635801E-8	0	0	0	0	0	0	0	0	0	8.7882588865592E-9	0	0	9.7746441980488E-9	0	0	0	0	0	0	0	0	0	0	0	0	0	0	0	0	0	0	0	0	0	0	0	0	0	0	0	0	1.1267980526764E-8	0	0	0	0	0	0	0	0	0	1.6786855776536E-8	0	0	3.8724696688851E-7	1.7783103198858E-7	0	0	0	0	0	0	0	0	0	0	0	0	0	0	0	0	0	0	0	0	0	0	0	0	0	0	0	0	0	0	0	0	0	0	0	0	0	0	0	0	0	0	0	0	0	0	0	0	0	0	0	0	0	0	0	0	0	0	0	0
OM-RGC.v2.029904206	Biota; Bacteria; Bacteroidetes	0	0	0	0	0	0	0	0	0	0	0	0	0	0	0	0	0	0	0	0	0	0	0	0	0	0	0	0	0	0	0	1.9535980838484E-7	0	0	0	0	0	0	0	0	0	0	0	0	0	0	0	0	0	0	0	0	0	0	0	1.4820161465227E-8	0	0	0	0	0	0	0	0	0	0	0	0	0	0	0	0	0	0	2.565557662662E-7	0	0	0	4.879046027964E-8	0	0	0	0	0	0	0	0	0	0	0	1.3783548347378E-7	0	0	5.7666122838528E-9	0	1.9444838957269E-8	0	0	0	0	0	0	0	0	0	0	0	0	0	0	0	0	0	0	0	0	0	0	0	0	0	0	0	0	0	0	0	0	0	0	0	0	0	0	0	0	0	0	0	0	0	0	0	0	0	0	0	0	0	0	0	0	0	0	0	0	0	0	0	0	0	0	0	0	0	0	0	0	0	0	0	0	0	0	0	0	0	0	0	0
OM-RGC.v2.032584030	Biota; Bacteria; Bacteroidetes	0	0	0	0	0	0	0	0	0	0	0	0	0	0	0	0	0	0	0	0	0	0	0	0	0	0	0	0	0	0	0	0	0	0	0	0	0	0	0	0	0	0	0	0	0	0	0	0	0	0	0	0	0	0	0	0	0	0	0	0	0	0	0	0	0	0	0	0	0	0	0	0	0	1.5481915535813E-7	0	0	3.7907957692447E-7	9.5879162470552E-8	0	0	0	0	0	0	0	0	0	0	0	0	0	0	0	2.424699451899E-8	0	7.0606514376506E-8	0	0	0	0	0	0	0	0	0	0	0	0	0	0	0	0	0	0	0	0	0	0	0	0	0	0	0	0	0	0	0	0	0	0	0	0	0	0	0	0	0	0	0	0	0	0	0	0	0	0	0	0	0	0	0	0	0	0	0	0	0	0	0	0	0	0	0	0	0	0	0	0	0	0	0	0	0	0	0	0	0	0	0	0
OM-RGC.v2.001528289	Biota; Bacteria; Bacteroidetes; Flavobacteriia; Flavobacteriales; Flavobacteriaceae; Mesonia; Mesonia phycicola	0	0	0	0	0	0	0	0	0	0	0	0	0	0	0	0	0	0	0	0	0	0	0	0	0	0	0	0	0	0	0	0	0	0	0	0	0	0	0	0	0	0	0	0	0	0	0	0	0	0	0	0	0	0	0	0	0	0	0	0	0	0	0	0	0	0	0	0	0	0	0	0	0	0	0	0	0	0	0	0	0	0	0	0	0	0	0	0	0	0	0	0	0	0	0	0	0	0	0	0	0	0	0	0	0	0	0	0	0	0	0	0	0	0	0	0	0	0	0	0	0	0	0	0	0	0	0	0	0	0	0	0	0	0	0	0	0	0	0	0	0	0	0	0	0	0	0	0	0	0	0	0	0	0	0	0	0	0	0	0	0	0	0	0	0	0	0	0	0	0	0	0	0	0	0	0	0	0	0	0
OM-RGC.v2.002378733	Biota; Bacteria; Bacteroidetes; Flavobacteriia; Flavobacteriales; Flavobacteriaceae	0	0	0	0	0	0	0	0	0	0	0	0	0	0	0	0	0	0	0	0	0	0	0	0	0	0	0	0	0	0	0	0	0	0	0	0	0	0	0	0	0	0	0	0	0	0	0	0	0	0	0	0	0	0	0	0	0	0	0	0	0	0	0	0	0	0	0	0	0	0	0	0	0	0	0	0	0	0	0	0	0	0	0	0	0	0	0	0	0	0	0	0	0	0	0	0	0	0	0	0	0	0	0	0	0	0	0	0	0	0	0	0	0	0	0	0	0	0	0	0	0	0	0	0	0	0	0	0	0	0	0	0	0	0	0	0	0	0	0	0	0	0	0	0	0	0	0	0	0	0	0	0	0	0	0	0	0	0	0	0	0	0	0	0	0	0	0	0	0	0	0	0	0	0	0	0	0	0	0	0
OM-RGC.v2.013590080	Biota; Bacteria	0	0	0	0	0	0	0	0	0	0	0	0	0	0	0	0	0	0	0	0	0	0	0	0	0	0	0	0	0	0	0	0	0	0	0	0	0	0	0	0	0	0	0	0	0	0	0	0	0	0	0	0	0	0	0	0	0	0	0	0	0	0	0	0	0	0	0	0	0	0	0	0	0	0	0	0	0	0	0	0	0	0	0	0	0	0	0	0	0	0	0	0	0	0	0	0	0	0	0	0	0	0	0	0	0	0	0	0	0	0	0	0	0	0	0	0	0	0	0	0	0	0	0	0	0	0	0	0	0	0	0	0	0	0	0	0	0	0	0	0	0	0	0	0	0	0	0	0	0	0	0	0	0	0	0	0	0	0	0	0	0	0	0	0	0	0	0	0	0	0	0	0	0	0	0	0	0	0	0	0
