depth,latitude,longitude,time,siage,sisnthick,sithick,so,thetao,atmospheric_temperature
0.0,81.0,10.400000000029763,2023-05-19,582.2599,0.5067279,2.1283052,34.022057,-1.7239504,-3.8041666
0.0,81.0625,10.160000000029726,2023-05-18,579.20636,0.5048085,2.1262734,34.0099,-1.7301643,-7.1979165
0.0,81.0625,10.160000000029726,2023-05-17,583.2021,0.5028112,2.1119123,34.01045,-1.723243,-10.162499
0.0,81.125,10.400000000029763,2023-05-16,585.9424,0.50278443,2.1086793,34.011917,-1.7187423,-11.564584
0.0,81.1875,10.96000000002985,2023-05-15,587.21295,0.50242966,2.1030996,34.023216,-1.7081406,-11.677085
0.0,81.25,11.60000000002995,2023-05-14,588.9754,0.50031084,2.0748675,34.038715,-1.7006141,-10.320832
0.0,81.3125,11.520000000029938,2023-05-13,587.20465,0.48754272,2.110983,34.02952,-1.7182399,-9.233334
0.0,81.375,11.440000000029926,2023-05-12,580.8701,0.4746685,2.1171622,34.0269,-1.727113,-12.629167
0.0,81.375,11.520000000029938,2023-05-11,584.17975,0.47636107,2.1057413,34.023476,-1.7303084,-8.645833
0.0,81.4375,11.680000000029963,2023-05-10,585.5918,0.47118494,2.1228364,34.030857,-1.7292198,-5.84375
0.0,81.4375,12.160000000030038,2023-05-09,586.9311,0.47043404,2.0992649,34.039032,-1.7258549,-8.05
0.0,81.5,12.88000000003015,2023-05-08,586.6774,0.46573457,2.0935152,34.060978,-1.7250445,-9.591667
0.0,81.5,13.520000000030253,2023-05-07,586.5458,0.46332714,2.0908608,34.065655,-1.73537,-7.6979165
0.0,81.5625,13.760000000030288,2023-05-06,582.36847,0.45682922,2.1264722,34.067783,-1.7571164,-9.070833
0.0,81.5625,13.760000000030288,2023-05-05,579.30884,0.45586717,2.1390872,34.06523,-1.7623888,-10.964583
0.0,81.5625,13.680000000030276,2023-05-04,577.5479,0.45587343,2.1389341,34.063293,-1.7547591,-11.479165
0.0,81.625,13.600000000030263,2023-05-03,575.1618,0.45458844,2.1415722,34.07124,-1.7514031,-14.562499
0.0,81.6875,13.360000000030226,2023-05-02,572.9041,0.45407075,2.1445928,34.07723,-1.7379816,-15.989582
0.0,81.75,13.2000000000302,2023-05-01,571.86237,0.4548266,2.1482995,34.07577,-1.7195628,-18.004168
0.0,81.8125,13.440000000030238,2023-04-30,572.1288,0.45602727,2.1440997,34.077087,-1.7143552,-17.608334
0.0,81.9375,13.8400000000303,2023-04-29,571.51044,0.45484158,2.1499386,34.081112,-1.6998754,-16.504166
0.0,81.9375,14.160000000030353,2023-04-28,571.69806,0.45123795,2.125324,34.08901,-1.6953071,-15.943751
0.0,82.0,14.240000000030363,2023-04-27,571.12585,0.4509022,2.1436381,34.075546,-1.7057949,-8.735417
0.0,82.0,14.400000000030388,2023-04-26,571.5288,0.44977483,2.1340022,34.08076,-1.6989003,-11.439584
0.0,82.0625,14.72000000003044,2023-04-25,569.4573,0.44891462,2.1385462,34.073917,-1.6952835,-12.502084
0.0,82.1875,15.280000000030526,2023-04-24,566.9123,0.4479631,2.151961,34.04189,-1.7110174,-12.247916
0.0,82.25,15.600000000030576,2023-04-23,566.7136,0.4477634,2.1344318,34.03336,-1.687424,-10.583333
0.0,82.4375,15.520000000030564,2023-04-22,563.3838,0.4457069,2.1464553,33.934357,-1.7161438,-11.035417
0.0,82.5625,15.680000000030589,2023-04-21,561.4543,0.44202396,2.1509323,33.884674,-1.7385395,-19.297918
0.0,82.6875,16.32000000003069,2023-04-20,560.0889,0.44089705,2.158419,33.893723,-1.7609175,-18.722918
0.0,82.75,17.120000000030814,2023-04-19,560.3167,0.43895504,2.1687655,33.95393,-1.7679332,-16.210417
0.0,82.8125,17.92000000003094,2023-04-18,559.96875,0.42791876,2.1621075,33.99637,-1.7738273,-17.066664
0.0,82.875,18.480000000031023,2023-04-17,558.74316,0.42630658,2.16532,33.98865,-1.7801472,-14.168751
0.0,82.9375,18.320000000031,2023-04-16,559.54004,0.41494483,2.1177826,33.977383,-1.7841451,-13.135415
0.0,82.9375,18.160000000030976,2023-04-15,561.5833,0.4135518,2.1107674,33.982277,-1.7785674,-11.733334
0.0,82.9375,17.92000000003094,2023-04-14,563.58453,0.4106397,2.1139777,33.98576,-1.7760427,-7.8958325
0.0,82.9375,17.520000000030876,2023-04-13,564.2148,0.40568313,2.1097357,33.988777,-1.7729794,-16.4125
0.0,82.8125,17.6800000000309,2023-04-12,568.67017,0.4098447,2.104897,33.967644,-1.7499909,-10.147916
0.0,82.75,18.400000000031017,2023-04-11,565.97406,0.4039009,2.0941322,33.98733,-1.7458028,-12.887501
0.0,82.75,18.56000000003104,2023-04-10,563.7757,0.40361086,2.1088607,33.994686,-1.7563719,-14.354167
0.0,82.75,18.080000000030964,2023-04-09,566.12146,0.40281904,2.0389607,33.96754,-1.7431592,-20.537498
0.0,82.75,18.720000000031064,2023-04-08,563.9073,0.4012579,2.0102088,33.98573,-1.7659392,-21.497917
0.0,82.75,20.000000000031264,2023-04-07,558.7782,0.38764852,1.9592626,33.951035,-1.8104333,-17.458334
0.0,82.8125,20.32000000003131,2023-04-06,558.3853,0.37800798,2.0045323,33.91855,-1.8259671,-19.577084
0.0,82.875,20.2400000000313,2023-04-05,560.4447,0.37956545,2.0356808,33.9117,-1.8271621,-25.062498
0.0,82.9375,20.2400000000313,2023-04-04,560.7892,0.38066068,2.037302,33.89938,-1.8276038,-26.118752
0.0,83.0,20.080000000031276,2023-04-03,562.0327,0.3812628,2.0393033,33.88637,-1.8277818,-25.529165
0.0,83.125,19.84000000003124,2023-04-02,562.4725,0.38213307,2.0891478,33.871265,-1.8275219,-25.4625
0.0,83.1875,19.6000000000312,2023-04-01,563.5049,0.38210234,2.089401,33.845524,-1.8260853,-23.5
0.0,83.25,19.360000000031164,2023-03-31,564.6956,0.3820196,2.0887783,33.827873,-1.8246115,-23.68542
0.0,83.3125,18.720000000031064,2023-03-30,566.76654,0.38133946,2.0943277,33.85453,-1.8253065,-22.812502
0.0,83.4375,18.080000000030964,2023-03-29,566.92706,0.38178322,2.1082895,33.93122,-1.8240577,-22.2875
0.0,83.5625,17.6800000000309,2023-03-28,565.4945,0.38214594,2.1138284,33.99872,-1.8228674,-20.795834
0.0,83.6875,17.440000000030864,2023-03-27,564.95636,0.38189802,2.1170833,34.037563,-1.8253621,-21.533333
0.0,83.75,17.440000000030864,2023-03-26,565.683,0.3821045,2.0595198,34.03889,-1.8318717,-22.14583
0.0,83.8125,17.520000000030876,2023-03-25,566.3603,0.38286036,2.0541499,34.047108,-1.8317538,-22.922918
0.0,83.9375,17.92000000003094,2023-03-24,564.54895,0.3822767,2.0483527,34.053535,-1.8323671,-22.556252
0.0,84.0,18.160000000030976,2023-03-23,565.1935,0.38135093,2.0445738,34.06102,-1.8328804,-24.522919
0.0,84.0625,18.24000000003099,2023-03-22,565.83575,0.38078797,2.0545359,34.07647,-1.833159,-23.514582
0.0,84.1875,18.56000000003104,2023-03-21,563.54333,0.3767748,2.0486581,34.088593,-1.8348635,-29.981247
0.0,84.25,18.080000000030964,2023-03-20,565.1823,0.3780783,2.06627,34.101948,-1.8361474,-31.704168
0.0,84.375,17.200000000030826,2023-03-19,568.14105,0.3803396,2.1017601,34.104614,-1.8197242,-26.718752
0.0,84.4375,16.72000000003075,2023-03-18,569.2203,0.38127452,2.0972471,34.10187,-1.8227746,-27.879166
0.0,84.5,16.480000000030714,2023-03-17,567.7189,0.3831923,2.0894325,34.099606,-1.8253176,-30.027084
0.0,84.5625,16.32000000003069,2023-03-16,567.8749,0.3851482,2.0834773,34.096626,-1.8266973,-30.129168
0.0,84.625,16.32000000003069,2023-03-15,567.8967,0.385986,2.0751333,34.09153,-1.8275517,-30.924997
0.0,84.625,16.560000000030726,2023-03-14,570.7146,0.3885493,2.0588593,34.087135,-1.826942,-29.96875
0.0,84.6875,17.120000000030814,2023-03-13,569.4774,0.38850096,2.048671,34.075,-1.8253577,-28.893747
0.0,84.75,17.92000000003094,2023-03-12,567.6472,0.38795486,2.0149176,34.07504,-1.8282686,-27.82917
0.0,84.875,19.04000000003111,2023-03-11,562.4179,0.38491026,2.0191772,34.060005,-1.8214915,-27.702085
0.0,85.0,20.720000000031376,2023-03-10,556.6659,0.3833132,2.0086837,34.07176,-1.799253,-28.825003
0.0,85.1875,22.08000000003159,2023-03-09,549.79315,0.38109902,2.016313,34.085613,-1.7752033,-28.84375
0.0,85.375,22.40000000003164,2023-03-08,546.4597,0.3804208,2.0480204,34.062336,-1.7970816,-26.495834
0.0,85.5,22.640000000031677,2023-03-07,545.9423,0.37713215,2.053275,34.055794,-1.8144509,-22.327085
0.0,85.625,23.4400000000318,2023-03-06,544.36743,0.37359896,2.0454118,34.073067,-1.8313048,-29.583336
0.0,85.75,23.920000000031877,2023-03-05,543.0073,0.3733087,2.0773346,34.124767,-1.8201385,-27.92291
0.0,85.875,23.920000000031877,2023-03-04,542.47107,0.37332553,2.0903456,34.125893,-1.8184558,-27.902084
0.0,86.0,24.16000000003191,2023-03-03,542.01245,0.37330347,2.0906284,34.097076,-1.8169847,-27.714579
0.0,86.0,24.720000000032,2023-03-02,544.52014,0.37301797,2.056879,34.101795,-1.8192382,-22.045832
0.0,86.0625,25.92000000003219,2023-03-01,544.7931,0.36751258,2.0362704,34.121723,-1.8302125,-18.87708
0.0,86.125,27.360000000032414,2023-02-28,540.7329,0.36438352,2.019982,34.18025,-1.8257368,-16.160414
0.0,86.125,28.16000000003254,2023-02-27,540.5166,0.36625805,2.0257483,34.204067,-1.822043,-15.081249
0.0,86.0625,29.360000000032727,2023-02-26,543.37805,0.36376145,2.0768661,34.215805,-1.8104687,-11.156247
0.0,86.0625,31.04000000003299,2023-02-25,539.2027,0.35305414,2.0672736,34.204308,-1.8004524,-17.281252
0.0,86.125,31.840000000033115,2023-02-24,533.7105,0.3443345,2.0727494,34.17849,-1.809931,-29.38125
0.0,86.1875,31.760000000033106,2023-02-23,533.6338,0.34179732,2.0690515,34.16885,-1.8045356,-30.599998
0.0,86.25,31.600000000033077,2023-02-22,533.6099,0.34181717,2.071209,34.16167,-1.7897791,-31.364584
0.0,86.3125,31.520000000033065,2023-02-21,533.07874,0.34224033,2.0694041,34.154545,-1.7761917,-30.852087
0.0,86.4375,32.96000000003329,2023-02-20,527.84827,0.34419695,2.0767891,34.15516,-1.7740784,-30.889582
0.0,86.5625,36.40000000003383,2023-02-19,520.53217,0.34698445,1.9855428,34.016525,-1.7762699,-30.472918
0.0,86.625,39.60000000003433,2023-02-18,516.9048,0.34876502,1.972959,33.794144,-1.785394,-27.860415
0.0,86.625,41.760000000034665,2023-02-17,516.74927,0.3491818,1.974856,33.70648,-1.7942067,-28.708334
0.0,86.6875,43.680000000034966,2023-02-16,513.16187,0.34854898,1.9795858,33.445568,-1.7928052,-29.629168
0.0,86.6875,45.2000000000352,2023-02-15,511.62518,0.3477759,1.9832854,33.459465,-1.7970666,-29.137491
0.0,86.6875,46.80000000003545,2023-02-14,508.84253,0.34643656,1.9750224,33.58991,-1.7998035,-31.295832
0.0,86.625,48.64000000003574,2023-02-13,507.4656,0.3466282,1.9597435,33.868053,-1.7818298,-28.293749
0.0,86.5625,51.360000000036166,2023-02-12,505.6835,0.34537324,1.8232524,33.978302,-1.7435673,-26.108335
0.0,86.4375,55.520000000036816,2023-02-11,504.37958,0.34240288,1.8153442,33.615635,-1.7439868,-23.697916
0.0,86.25,58.960000000037354,2023-02-10,503.14407,0.34048483,1.803678,33.122124,-1.7552654,-20.939585
0.0,85.9375,60.80000000003764,2023-02-09,500.99414,0.34104422,1.7628293,33.207436,-1.7416594,-22.168749
0.0,85.625,61.84000000003781,2023-02-08,501.3892,0.34025368,1.6994677,33.33625,-1.7451904,-15.254167
0.0,85.4375,61.92000000003782,2023-02-07,502.70712,0.33312517,1.6875932,33.29483,-1.7659637,-18.639584
0.0,85.375,61.84000000003781,2023-02-06,499.59195,0.33036888,1.7061995,33.360947,-1.791786,-25.785416
0.0,85.3125,62.32000000003788,2023-02-05,497.87897,0.33020774,1.5770696,33.687824,-1.8074536,-26.141668
0.0,85.3125,63.04000000003799,2023-02-04,495.2191,0.3299938,1.5839051,33.72517,-1.8082446,-26.227083
0.0,85.375,63.84000000003812,2023-02-03,494.6059,0.33024502,1.6094624,33.52103,-1.801169,-25.75
0.0,85.375,64.80000000003827,2023-02-02,493.8873,0.3301665,1.6144761,33.474625,-1.7975394,-25.99375
0.0,85.375,65.76000000003842,2023-02-01,493.41547,0.3294942,1.6212206,33.50425,-1.7949935,-27.372915
0.0,85.375,66.72000000003857,2023-01-31,491.9256,0.3286969,1.6337125,33.51245,-1.7821555,-27.504166
0.0,85.3125,67.84000000003874,2023-01-30,490.33972,0.32825723,1.6205479,33.543648,-1.7718542,-26.683332
0.0,85.25,69.04000000003893,2023-01-29,488.83273,0.32756278,1.4842087,33.26965,-1.7815629,-25.531252
0.0,85.1875,70.48000000003915,2023-01-28,486.00186,0.32641664,1.4799944,33.174114,-1.7788463,-23.214582
0.0,85.0625,72.24000000003943,2023-01-27,481.44193,0.32473084,1.4679476,33.180275,-1.7735465,-20.741667
0.0,84.9375,74.0000000000397,2023-01-26,475.94843,0.32117063,1.4605856,33.201855,-1.7724434,-20.860418
0.0,84.8125,75.44000000003993,2023-01-25,471.8423,0.31931916,1.4604595,33.154728,-1.7675278,-15.385417
0.0,84.6875,76.00000000004002,2023-01-24,471.21667,0.3144083,1.4630044,33.282707,-1.7767859,-13.681249
0.0,84.5625,76.00000000004002,2023-01-23,472.79364,0.31125125,1.4607784,33.43336,-1.7834632,-13.918751
0.0,84.375,75.92000000004,2023-01-22,471.08878,0.30864796,1.4155382,33.43465,-1.7790303,-17.316666
0.0,84.25,75.68000000003997,2023-01-21,470.45578,0.30494502,1.4107467,33.537773,-1.7818847,-17.45
0.0,84.125,75.60000000003996,2023-01-20,468.42285,0.3019722,1.4083209,33.636433,-1.788195,-21.297916
0.0,83.9375,75.60000000003996,2023-01-19,466.98038,0.30029255,1.397617,33.78697,-1.7837607,-25.762503
0.0,83.75,75.68000000003997,2023-01-18,468.7337,0.30015433,1.3895974,33.85066,-1.7799276,-25.897919
0.0,83.6875,75.84000000003999,2023-01-17,466.19873,0.2996389,1.3848109,33.841263,-1.7904217,-26.897919
0.0,83.625,76.16000000004004,2023-01-16,463.0961,0.29887268,1.3795309,33.81414,-1.8007928,-29.004166
0.0,83.5,76.48000000004009,2023-01-15,464.44034,0.29932275,1.3761147,33.747192,-1.8032876,-30.025
0.0,83.375,76.56000000004008,2023-01-14,469.91,0.30121726,1.3695604,33.732864,-1.8095611,-29.316671
0.0,83.25,76.56000000004008,2023-01-13,474.8228,0.30249596,1.3635035,33.77351,-1.8164148,-27.839582
0.0,83.25,76.64000000004012,2023-01-12,468.46454,0.30113083,1.3604175,33.769016,-1.8176043,-29.183332
0.0,83.1875,76.64000000004012,2023-01-11,467.91946,0.30185646,1.3554149,33.792706,-1.8199804,-29.189585
0.0,83.125,76.64000000004012,2023-01-10,471.00003,0.30283165,1.3497976,33.80516,-1.8221912,-29.656248
0.0,83.0625,76.72000000004016,2023-01-09,471.52124,0.30301058,1.3444943,33.804638,-1.8219479,-28.499998
0.0,83.0625,76.72000000004016,2023-01-08,467.71756,0.30225003,1.3407904,33.807255,-1.8207241,-24.833328
0.0,83.0625,76.88000000004013,2023-01-07,465.10074,0.30074656,1.34052,33.806736,-1.8215548,-22.704165
0.0,83.0625,77.12000000004019,2023-01-06,465.61896,0.2995676,1.3378949,33.807533,-1.8213359,-25.839586
0.0,83.0625,77.28000000004022,2023-01-05,468.23077,0.30028886,1.3330494,33.80887,-1.8194511,-25.079165
0.0,83.0625,77.52000000004023,2023-01-04,470.02484,0.3004941,1.3285989,33.810215,-1.8154379,-24.887497
0.0,83.0625,78.08000000004034,2023-01-03,469.17896,0.30085444,1.3265599,33.809273,-1.8062392,-25.043747
0.0,83.0,78.64000000004046,2023-01-02,472.35217,0.30196992,1.3246808,33.801903,-1.8047768,-22.225004
0.0,83.0,78.48000000004038,2023-01-01,475.4606,0.29900846,1.3263469,33.760914,-1.802861,-13.158333
0.0,82.9375,77.60000000004027,2022-12-31,486.40466,0.28981793,1.3261535,33.74375,-1.8038936,-10.818751
0.0,82.875,76.32000000004007,2022-12-30,500.72623,0.28442743,1.3116245,33.75054,-1.7957441,-7.4833336
0.0,82.8125,75.60000000003996,2022-12-29,504.12903,0.27824637,1.3070797,33.781036,-1.7957419,-6.339583
0.0,82.8125,75.60000000003996,2022-12-28,491.38373,0.27289504,1.3095586,33.781033,-1.802069,-15.943752
0.0,82.8125,75.60000000003996,2022-12-27,481.83194,0.27107772,1.3067638,33.778004,-1.8003739,-22.310415
0.0,82.75,75.52000000003994,2022-12-26,487.0769,0.27030805,1.3017676,33.807217,-1.8033562,-21.158333
0.0,82.6875,75.68000000003997,2022-12-25,489.3608,0.26872906,1.2819533,33.83412,-1.807794,-22.785416
0.0,82.625,76.00000000004002,2022-12-24,488.21353,0.26769313,1.2854627,33.839413,-1.8062968,-20.85
0.0,82.5,76.56000000004008,2022-12-23,486.1429,0.26321846,1.2806572,33.842308,-1.8037052,-23.81875
0.0,82.5625,77.12000000004019,2022-12-22,469.62814,0.26262882,1.2970904,33.8486,-1.7957562,-19.606249
0.0,82.5,77.52000000004023,2022-12-21,467.73077,0.25721532,1.2936801,33.83093,-1.8113136,-18.0375
0.0,82.4375,77.92000000004032,2022-12-20,474.25082,0.2556111,1.2921674,33.79541,-1.81527,-17.877083
0.0,82.3125,78.80000000004043,2022-12-19,477.64337,0.2580944,1.2867953,33.767986,-1.7864243,-13.195834
0.0,82.125,79.92000000004066,2022-12-18,477.4469,0.2577462,1.1376563,33.749485,-1.701509,-15.360415
0.0,82.0,80.88000000004081,2022-12-17,474.04898,0.2531604,1.1445525,33.877644,-1.676918,-17.29167
0.0,81.9375,81.6000000000409,2022-12-16,468.62265,0.24593237,1.1447515,33.867416,-1.7475421,-20.835417
0.0,82.0,82.40000000004102,2022-12-15,457.0182,0.24539337,1.1477933,33.854633,-1.7495126,-24.766665
0.0,82.0625,83.12000000004116,2022-12-14,451.5509,0.24560238,1.1533668,33.849777,-1.7273035,-24.085419
0.0,82.0625,83.5200000000412,2022-12-13,452.86594,0.24314941,1.1540724,33.85465,-1.7468394,-24.633331
0.0,82.125,83.36000000004117,2022-12-12,457.4766,0.2410428,1.1611049,33.79263,-1.7282395,-26.460413
0.0,82.1875,83.04000000004112,2022-12-11,459.5556,0.23980732,1.0771122,33.72838,-1.7083052,-22.258333
0.0,82.25,82.8800000000411,2022-12-10,461.7165,0.23839965,1.0787468,33.684105,-1.7310563,-21.20625
0.0,82.25,82.96000000004108,2022-12-09,461.41068,0.2373442,1.0683366,33.69318,-1.7124162,-22.041666
0.0,82.3125,83.44000000004121,2022-12-08,456.64386,0.23805079,1.0676445,33.706364,-1.7384357,-21.481249
0.0,82.375,84.08000000004131,2022-12-07,453.88507,0.23824406,1.0693003,33.706326,-1.775347,-20.145836
0.0,82.4375,84.40000000004136,2022-12-06,454.8241,0.23648274,1.0713946,33.668247,-1.7977681,-18.422916
0.0,82.5,84.40000000004136,2022-12-05,460.93732,0.23399064,1.0712183,33.611534,-1.8048309,-22.204165
0.0,82.5625,84.08000000004131,2022-12-04,467.4434,0.233416,1.0421408,33.431797,-1.801045,-18.929169
0.0,82.6875,83.68000000004122,2022-12-03,466.22006,0.23304403,1.0441443,33.32254,-1.7956135,-16.06875
0.0,82.75,83.04000000004112,2022-12-02,472.44016,0.23142098,1.039041,33.298496,-1.7949294,-17.435417
0.0,82.75,81.92000000004094,2022-12-01,485.72852,0.22998166,1.0220541,33.371983,-1.79447,-9.933332
0.0,82.75,81.28000000004084,2022-11-30,492.86465,0.22442238,1.0198456,33.41153,-1.79643,-3.1812499
0.0,82.75,80.9600000000408,2022-11-29,489.24567,0.21377045,1.0166426,33.41797,-1.7983482,-15.858334
0.0,82.75,80.56000000004076,2022-11-28,489.04678,0.20891881,1.0030526,33.411636,-1.7974668,-18.847918
0.0,82.8125,80.24000000004071,2022-11-27,490.4333,0.20339175,1.0494254,33.524982,-1.8005346,-17.583334
0.0,82.8125,79.84000000004062,2022-11-26,488.91873,0.19993015,1.0394112,33.530266,-1.7993683,-23.479164
0.0,82.8125,79.92000000004066,2022-11-25,492.0044,0.19656883,1.0352808,33.520176,-1.7961344,-22.02917
0.0,82.875,79.60000000004061,2022-11-24,488.3909,0.19531667,1.0226815,33.481483,-1.7952436,-24.07292
0.0,82.8125,79.28000000004056,2022-11-23,501.54883,0.19474904,1.0231689,33.518158,-1.7842922,-20.310415
0.0,82.8125,78.72000000004044,2022-11-22,505.20163,0.19114785,1.0147611,33.528202,-1.7811954,-24.960413
0.0,82.6875,78.08000000004034,2022-11-21,519.9157,0.19115563,1.0248877,33.615513,-1.788866,-21.952085
0.0,82.5625,77.92000000004032,2022-11-20,526.7103,0.18909037,1.0423977,33.613163,-1.794159,-23.716667
0.0,82.5625,78.32000000004041,2022-11-19,515.3385,0.18932402,1.043366,33.56627,-1.7951239,-25.754168
0.0,82.5625,78.80000000004043,2022-11-18,507.36633,0.18956393,1.0419419,33.491737,-1.7882807,-26.458334
0.0,82.5,78.96000000004051,2022-11-17,513.10077,0.18963282,1.030294,33.534805,-1.7842225,-24.995832
0.0,82.5625,79.0400000000405,2022-11-16,512.0445,0.18942668,1.0301446,33.43653,-1.7810606,-24.612501
0.0,82.625,79.12000000004048,2022-11-15,506.646,0.19022289,1.0299649,33.358425,-1.7806177,-23.6625
0.0,82.625,79.12000000004048,2022-11-14,513.12427,0.19064775,1.0222429,33.341015,-1.779138,-21.954168
0.0,82.6875,79.0400000000405,2022-11-13,517.08673,0.18974186,1.0872562,33.282516,-1.7925546,-23.03125
0.0,82.8125,78.88000000004047,2022-11-12,512.2868,0.19025984,1.0778184,33.24689,-1.7929257,-23.887499
0.0,82.8125,78.96000000004051,2022-11-11,515.3119,0.1895018,1.0789679,33.22973,-1.7919494,-22.497917
0.0,82.875,78.88000000004047,2022-11-10,518.2479,0.18938178,1.0758212,33.228516,-1.7936169,-25.660416
0.0,82.8125,78.56000000004042,2022-11-09,533.2115,0.18997066,1.0843518,33.237865,-1.7926443,-24.375002
0.0,82.8125,78.56000000004042,2022-11-08,534.853,0.18912001,1.0847718,33.228622,-1.7903827,-22.043749
0.0,82.8125,78.80000000004043,2022-11-07,532.7546,0.18772456,1.0797223,33.197002,-1.7909449,-20.622915
0.0,82.75,78.96000000004051,2022-11-06,540.4155,0.18505026,0.9709304,33.245567,-1.7880282,-18.74375
0.0,82.75,79.20000000004052,2022-11-05,540.56573,0.1848596,0.9706152,33.206123,-1.7858466,-16.468752
0.0,82.875,79.44000000004053,2022-11-04,529.1983,0.1878946,0.9721878,33.143894,-1.7881635,-15.697917
0.0,83.0625,79.6800000000406,2022-11-03,517.7757,0.19022678,0.9701182,33.1106,-1.7880728,-15.51875
0.0,83.1875,80.00000000004064,2022-11-02,517.41516,0.19070193,0.97096765,33.117226,-1.7885231,-18.602083
0.0,83.25,80.56000000004076,2022-11-01,517.7793,0.19130972,0.9738296,33.109108,-1.7880694,-17.689583
0.0,83.25,81.04000000004078,2022-10-31,521.867,0.190942,0.97765726,33.0874,-1.7871659,-15.585414
0.0,83.25,81.36000000004083,2022-10-30,525.67126,0.18898419,0.905931,33.031788,-1.784091,-14.577083
0.0,83.25,81.44000000004087,2022-10-29,529.52905,0.18887782,0.908824,33.021988,-1.7837358,-16.016668
0.0,83.25,81.6000000000409,2022-10-28,529.3163,0.1886266,0.91003627,33.013283,-1.7832295,-12.391667
0.0,83.3125,81.84000000004096,2022-10-27,527.1699,0.18784784,0.9096066,33.0457,-1.7847158,-11.695834
0.0,83.3125,82.16000000004101,2022-10-26,527.97766,0.18762049,0.91127,33.037525,-1.7842945,-12.2229185
0.0,83.375,82.64000000004103,2022-10-25,526.99817,0.18735637,0.90940905,33.07745,-1.7868905,-14.331248
0.0,83.375,83.20000000004114,2022-10-24,529.2933,0.18735908,0.9126709,33.071552,-1.786683,-12.418751
0.0,83.375,83.84000000004124,2022-10-23,531.0822,0.1872224,0.80459917,32.957726,-1.7802057,-11.212499
0.0,83.375,84.40000000004136,2022-10-22,533.79376,0.1869613,0.80311185,32.950027,-1.7800312,-11.689583
0.0,83.375,84.88000000004138,2022-10-21,535.91595,0.1859044,0.79918873,32.943005,-1.7789536,-8.620833
0.0,83.375,85.36000000004151,2022-10-20,539.4521,0.18454096,0.79616046,32.932594,-1.778279,-9.225
0.0,83.5,85.68000000004156,2022-10-19,541.5705,0.18143515,0.7744162,32.904842,-1.7770782,-8.364583
0.0,83.625,85.68000000004156,2022-10-18,546.4483,0.17690918,0.7544591,32.86569,-1.7752581,-9.45
0.0,83.8125,85.68000000004156,2022-10-17,544.30176,0.17172813,0.7327401,32.831425,-1.7732884,-7.4020824
0.0,83.875,86.40000000004164,2022-10-16,546.09064,0.17164631,0.7464468,32.839264,-1.7737046,-7.841667
0.0,83.8125,87.28000000004181,2022-10-15,547.75995,0.17511159,0.7842414,32.82023,-1.7723448,-6.1895843
0.0,83.6875,87.84000000004187,2022-10-14,552.83124,0.17188641,0.80704325,32.8034,-1.7705423,-4.0270834
0.0,83.6875,88.08000000004188,2022-10-13,551.5698,0.16350068,0.78533053,32.787117,-1.7708436,-11.743749
0.0,83.75,88.640000000042,2022-10-12,545.05597,0.16164191,0.7633822,32.78248,-1.7706195,-12.733334
0.0,83.75,89.36000000004208,2022-10-11,541.53784,0.16174567,0.77012384,32.776585,-1.7701925,-9.51875
0.0,83.75,89.84000000004221,2022-10-10,548.12646,0.16076778,0.77737993,32.774006,-1.7705675,-9.166667
0.0,83.75,89.76000000004217,2022-10-09,562.07715,0.15461102,0.7787233,32.775555,-1.7701876,-7.285416
0.0,83.8125,89.84000000004221,2022-10-08,563.6881,0.14814542,0.7553241,32.783096,-1.7708457,-8.787499
0.0,83.9375,89.36000000004208,2022-10-07,570.11017,0.14606191,0.7347842,32.779724,-1.7711276,-8.314583
0.0,84.0,88.40000000004193,2022-10-06,596.39764,0.14595234,0.7351307,32.768143,-1.7692033,-8.34375
0.0,84.0625,88.0000000000419,2022-10-05,611.99725,0.14392428,0.74846435,32.75681,-1.7684114,-5.147917
0.0,84.125,88.0000000000419,2022-10-04,595.64777,0.13966607,0.7494646,32.74374,-1.7694587,-10.064582
0.0,84.1875,87.52000000004182,2022-10-03,610.4306,0.13724619,0.7379946,32.73062,-1.7685478,-8.685417
0.0,84.3125,86.96000000004176,2022-10-02,631.4185,0.124784574,0.70530236,32.695087,-1.7662548,-9.008334
0.0,84.375,86.16000000004158,2022-10-01,643.74915,0.121588424,0.71186656,32.640213,-1.7639495,-8.960416
0.0,84.4375,85.20000000004143,2022-09-30,665.9303,0.121310316,0.72365195,32.556664,-1.7592734,-9.010416
0.0,84.5625,84.40000000004136,2022-09-29,685.1586,0.12046241,0.7211944,32.415497,-1.7506747,-5.2624993
0.0,84.625,82.80000000004111,2022-09-28,700.5995,0.11964812,0.71432394,32.357826,-1.7476819,-9.002082
0.0,84.5625,80.88000000004081,2022-09-27,733.9508,0.12428341,0.75284576,32.43934,-1.7488945,-3.0749998
0.0,84.375,79.92000000004066,2022-09-26,745.0874,0.117584705,0.8299092,32.631897,-1.7608204,-0.6458334
0.0,84.25,79.0400000000405,2022-09-25,733.82434,0.10908535,0.856021,32.586426,-1.7575173,-3.1791668
0.0,84.1875,78.96000000004051,2022-09-24,724.5985,0.10294433,0.84682935,32.58626,-1.7598416,-7.039582
0.0,84.25,79.28000000004056,2022-09-23,716.6637,0.10237446,0.8122161,32.553,-1.7596052,-7.983333
0.0,84.25,79.60000000004061,2022-09-22,713.81305,0.099212185,0.81702673,32.543907,-1.7593962,-5.9708323
0.0,84.3125,79.84000000004062,2022-09-21,718.668,0.09898324,0.8040724,32.509815,-1.758401,-6.077084
0.0,84.4375,79.92000000004066,2022-09-20,720.3149,0.10011146,0.768435,32.43221,-1.753833,-5.2687497
0.0,84.5,79.84000000004062,2022-09-19,728.99805,0.097619265,0.7615513,32.38692,-1.7515149,-3.90625
0.0,84.4375,79.60000000004061,2022-09-18,738.6599,0.09095021,0.80709803,32.44622,-1.7545232,-3.822917
0.0,84.4375,79.92000000004066,2022-09-17,738.3463,0.08738992,0.80576354,32.446,-1.7541857,-3.6708333
0.0,84.4375,80.56000000004076,2022-09-16,731.082,0.088566765,0.7955677,32.43512,-1.7511563,-2.5020833
0.0,84.4375,81.20000000004086,2022-09-15,730.3866,0.08814927,0.80482745,32.41868,-1.7504812,-2.5333335
0.0,84.3125,81.76000000004092,2022-09-14,723.80273,0.08130443,0.853712,32.459206,-1.7529688,-2.4750001
0.0,84.25,82.240000000041,2022-09-13,723.6333,0.08292725,0.86397094,32.45431,-1.7523675,-2.0895832
0.0,84.125,82.56000000004104,2022-09-12,719.8382,0.08099319,0.90549576,32.46108,-1.7557251,-4.420833
0.0,84.125,82.40000000004102,2022-09-11,733.4243,0.08886799,0.8859746,32.429325,-1.755827,-3.779167
0.0,84.125,82.32000000004098,2022-09-10,748.0667,0.09339091,0.8799358,32.40612,-1.7558162,-3.6437502
0.0,84.125,82.32000000004098,2022-09-09,751.72107,0.09140029,0.8951725,32.411083,-1.7508403,-3.0645835
0.0,84.1875,82.32000000004098,2022-09-08,762.3308,0.09127188,0.8809471,32.414528,-1.749909,-2.5166667
0.0,84.1875,82.64000000004103,2022-09-07,755.699,0.08235833,0.9117431,32.4224,-1.7480863,-2.6604166
0.0,84.3125,83.44000000004121,2022-09-06,757.8065,0.08450394,0.8576251,32.409725,-1.7424897,-1.9249998
0.0,84.375,83.84000000004124,2022-09-05,759.4854,0.084182926,0.84994674,32.38368,-1.7359742,-1.4437498
0.0,84.4375,83.92000000004123,2022-09-04,770.6563,0.082779616,0.7675625,32.313995,-1.7298208,-2.2291665
0.0,84.5625,83.04000000004112,2022-09-03,803.1571,0.08248188,0.75871617,32.242878,-1.720125,-3.2937498
0.0,84.5625,82.40000000004102,2022-09-02,802.38837,0.07568917,0.8581397,32.252136,-1.7098919,-1.5479168
0.0,84.5625,82.64000000004103,2022-09-01,777.4698,0.06403964,0.8659364,32.23743,-1.710604,-1.4979167
0.0,84.5625,83.20000000004114,2022-08-31,761.83417,0.06235086,0.8664758,32.251656,-1.7169377,-1.4499999
0.0,84.5,84.1600000000413,2022-08-30,749.0144,0.060057145,0.888472,32.29296,-1.7241392,-1.5395833
0.0,84.5,84.96000000004142,2022-08-29,749.2926,0.06237073,0.8951738,32.284573,-1.7162753,-2.185417
0.0,84.4375,85.4400000000415,2022-08-28,746.1461,0.061096292,0.9240365,32.27358,-1.7223365,-1.8208333
0.0,84.4375,85.76000000004154,2022-08-27,750.412,0.06284142,0.94276273,32.264404,-1.739097,-3.064583
0.0,84.375,85.76000000004154,2022-08-26,745.4003,0.059907123,0.94741744,32.28433,-1.7280067,-2.8645833
0.0,84.4375,86.00000000004161,2022-08-25,759.0292,0.0631964,0.9285401,32.29406,-1.7173032,-2.3833334
0.0,84.5,86.40000000004164,2022-08-24,760.2409,0.0542984,0.9233349,32.287476,-1.6955297,-1.8145833
0.0,84.5625,86.56000000004167,2022-08-23,766.46265,0.05242952,0.9324573,32.286358,-1.682126,-1.0333333
0.0,84.5,85.84000000004153,2022-08-22,761.50793,0.051586594,1.0157788,32.281498,-1.686071,-0.575
0.0,84.5,85.28000000004147,2022-08-21,752.0774,0.052108277,1.1018621,32.294502,-1.6931651,0.039583325
0.0,84.4375,84.8000000000414,2022-08-20,741.8856,0.050422583,1.1349868,32.33909,-1.6980438,0.58125
0.0,84.375,84.72000000004141,2022-08-19,731.3792,0.047506277,1.1621243,32.340073,-1.7043405,0.087500006
0.0,84.4375,84.88000000004138,2022-08-18,771.9171,0.046514083,1.1238763,32.312786,-1.6871619,-0.21250002
0.0,84.5,85.12000000004144,2022-08-17,799.16785,0.046746388,1.1149921,32.31411,-1.6884378,-0.08124999
0.0,84.5,85.36000000004151,2022-08-16,770.61273,0.04303136,1.1560054,32.30061,-1.6876409,-0.0125
0.0,84.5,85.76000000004154,2022-08-15,751.1635,0.044267416,1.1925765,32.316658,-1.682802,0.42083335
0.0,84.4375,86.96000000004176,2022-08-14,722.39734,0.04696064,1.2303884,32.40795,-1.7037656,0.27083334
0.0,84.4375,87.52000000004182,2022-08-13,719.8746,0.04306566,1.2650074,32.44647,-1.6995392,-0.26458332
0.0,84.4375,87.52000000004182,2022-08-12,744.42395,0.040027298,1.2723395,32.387074,-1.6865745,-0.047916666
0.0,84.5,87.68000000004184,2022-08-11,773.96466,0.039736982,1.2696134,32.44525,-1.6994253,0.15208334
0.0,84.5625,88.32000000004194,2022-08-10,766.6748,0.042186238,1.2789295,32.48612,-1.7060279,0.07083334
0.0,84.5625,89.2800000000421,2022-08-09,733.3371,0.04183638,1.3044174,32.509983,-1.7095604,-0.14166668
0.0,84.5625,90.16000000004226,2022-08-08,726.0056,0.042282496,1.3353546,32.53438,-1.7009943,-0.06666668
0.0,84.5625,90.32000000004224,2022-08-07,731.0242,0.041756712,1.3346608,32.52197,-1.680748,0.13749999
0.0,84.625,90.08000000004222,2022-08-06,761.258,0.04271058,1.3388263,32.512264,-1.673358,0.22083335
0.0,84.6875,89.68000000004213,2022-08-05,789.4884,0.043249216,1.3401904,32.56409,-1.688751,0.42500004
0.0,84.8125,89.60000000004214,2022-08-04,806.77496,0.04539273,1.3470335,32.57507,-1.6954968,0.46874997
0.0,85.0,89.84000000004221,2022-08-03,822.6836,0.05118556,1.3507882,32.510826,-1.6963979,0.62500006
0.0,85.125,90.32000000004224,2022-08-02,819.9289,0.055627283,1.3593462,32.45067,-1.6971736,0.3416667
0.0,85.1875,90.40000000004228,2022-08-01,811.88776,0.05721487,1.3871598,32.39821,-1.691279,0.14583337
0.0,85.25,90.32000000004224,2022-07-31,807.937,0.058684144,1.465351,32.358593,-1.7054937,0.25416663
0.0,85.25,90.48000000004232,2022-07-30,782.26605,0.058580723,1.4919451,32.366894,-1.7019469,0.4979167
0.0,85.1875,90.72000000004232,2022-07-29,740.6197,0.060336635,1.5421184,32.465935,-1.7174792,0.6125001
0.0,85.0625,91.2000000000424,2022-07-28,703.97754,0.06364521,1.5890198,32.601242,-1.7293639,1.0625001
0.0,85.0,91.68000000004248,2022-07-27,706.29694,0.07091301,1.608552,32.67052,-1.727017,0.7520833
0.0,84.875,91.92000000004248,2022-07-26,692.09467,0.077300966,1.6285422,32.739933,-1.7251059,0.79375005
0.0,84.8125,92.16000000004254,2022-07-25,700.36865,0.08955861,1.6431417,32.787476,-1.7197485,1.36875
0.0,84.6875,92.00000000004252,2022-07-24,692.4029,0.10223598,1.6631746,32.867233,-1.7256639,1.5208331
0.0,84.6875,91.8400000000425,2022-07-23,719.6451,0.11242042,1.6721413,32.886993,-1.7194494,0.2
0.0,84.625,91.2000000000424,2022-07-22,729.7909,0.11633883,1.6738985,32.90801,-1.7159009,0.21458332
0.0,84.5625,90.24000000004224,2022-07-21,732.59607,0.11920644,1.6626304,32.918823,-1.7142745,-0.15208335
0.0,84.5,89.76000000004217,2022-07-20,717.3795,0.1268193,1.657714,32.9155,-1.7105216,0.81874996
0.0,84.4375,89.20000000004211,2022-07-19,703.19104,0.14045611,1.6534636,32.930363,-1.7066743,0.9395833
0.0,84.5,88.88000000004206,2022-07-18,736.1297,0.16064727,1.6179883,32.937668,-1.6917952,1.15
0.0,84.5625,88.32000000004194,2022-07-17,761.5846,0.18444636,1.596071,33.044434,-1.6966072,1.4833335
0.0,84.5625,88.16000000004192,2022-07-16,738.47156,0.20053233,1.5780162,33.092564,-1.6884053,0.8354166
0.0,84.625,87.76000000004183,2022-07-15,736.975,0.1977297,1.5457847,33.102222,-1.6858677,0.27083337
0.0,84.6875,86.7200000000417,2022-07-14,745.3289,0.19376412,1.533036,33.11463,-1.7011077,0.5833333
0.0,84.75,85.4400000000415,2022-07-13,752.06683,0.19442783,1.540406,33.136127,-1.7139367,0.7583334
0.0,84.8125,84.24000000004128,2022-07-12,750.0788,0.20084807,1.5329676,33.17478,-1.7154192,0.275
0.0,84.875,83.36000000004117,2022-07-11,750.93427,0.20732278,1.5336267,33.22154,-1.7165548,0.45416668
0.0,84.9375,83.28000000004113,2022-07-10,746.7337,0.21839638,1.560198,33.239395,-1.7298063,0.34166667
0.0,85.0625,83.76000000004126,2022-07-09,744.11786,0.22256151,1.5613819,33.259087,-1.7366377,0.10208333
0.0,85.25,84.1600000000413,2022-07-08,757.457,0.22022122,1.5600859,33.22672,-1.734949,-0.6583333
0.0,85.375,84.72000000004141,2022-07-07,752.946,0.21975023,1.5867412,33.16496,-1.7325277,-0.045833334
0.0,85.375,84.88000000004138,2022-07-06,734.3607,0.20882423,1.6426798,33.147015,-1.730892,-0.0062499936
0.0,85.4375,84.64000000004137,2022-07-05,728.8086,0.20406568,1.7068355,33.137672,-1.7246326,-0.35
0.0,85.5,84.32000000004132,2022-07-04,756.17,0.20514658,1.7365496,33.13633,-1.7316313,-0.15625
0.0,85.625,84.40000000004136,2022-07-03,768.85016,0.20899405,1.728445,32.995605,-1.7411656,0.375
0.0,85.6875,84.24000000004128,2022-07-02,760.15826,0.21058029,1.7579563,32.959698,-1.7482382,0.2833333
0.0,85.75,84.40000000004136,2022-07-01,742.58386,0.21420154,1.7839662,32.913357,-1.7522962,0.57708335
0.0,85.8125,84.8000000000414,2022-06-30,729.3866,0.21903141,1.7882795,32.887775,-1.7500539,0.61041677
0.0,85.9375,85.20000000004143,2022-06-29,742.26984,0.22467464,1.8017558,32.766872,-1.7525213,0.68541664
0.0,86.125,85.12000000004144,2022-06-28,772.5916,0.23780029,1.8433477,32.603832,-1.7478749,0.79583335
0.0,86.1875,85.12000000004144,2022-06-27,755.2186,0.24999842,1.8630912,32.58808,-1.7475803,0.60625
0.0,86.25,85.84000000004153,2022-06-26,731.5946,0.25783813,1.6827681,32.5358,-1.7094307,0.5125
0.0,86.3125,86.80000000004168,2022-06-25,715.56696,0.2595122,1.6507316,32.51797,-1.7020284,-0.13958335
0.0,86.375,87.76000000004183,2022-06-24,715.4273,0.26248842,1.6407433,32.496353,-1.7038437,0.27083334
0.0,86.4375,88.48000000004197,2022-06-23,729.0263,0.27643093,1.6419764,32.50856,-1.7067842,0.65
0.0,86.5,89.12000000004207,2022-06-22,722.5307,0.29280916,1.6467664,32.52895,-1.7083703,0.52291673
0.0,86.5625,89.44000000004212,2022-06-21,704.8601,0.3031799,1.6479319,32.549778,-1.7042363,0.30208334
0.0,86.625,89.84000000004221,2022-06-20,692.74225,0.3133116,1.6526511,32.582882,-1.7104563,0.3020833
0.0,86.6875,89.68000000004213,2022-06-19,681.6718,0.3144935,1.6462831,32.543365,-1.7182137,-0.8520834
0.0,86.75,89.04000000004203,2022-06-18,665.2065,0.31626156,1.6648668,32.577045,-1.7288122,-0.61666673
0.0,86.8125,88.08000000004188,2022-06-17,650.7651,0.32173467,1.704408,32.613316,-1.7397702,-0.12708333
0.0,86.9375,87.60000000004186,2022-06-16,656.9428,0.3251602,1.7210383,32.642704,-1.7470186,0.12500001
0.0,86.9375,88.0000000000419,2022-06-15,632.7552,0.3203254,1.6998358,32.639618,-1.7476826,-0.018749997
0.0,86.9375,89.04000000004203,2022-06-14,598.9659,0.32466805,1.7185284,32.633587,-1.7444462,0.08958334
0.0,86.875,90.24000000004224,2022-06-13,570.1825,0.33487165,1.758288,32.61295,-1.7486567,0.19166665
0.0,86.875,91.1200000000424,2022-06-12,576.3742,0.35263634,1.8012534,32.677395,-1.7552494,0.44375002
0.0,86.875,91.44000000004246,2022-06-11,582.9006,0.3649198,1.8254004,32.696064,-1.7607493,-0.6833332
0.0,86.8125,91.92000000004248,2022-06-10,566.1383,0.3599072,1.8487165,32.696026,-1.762892,-1.28125
0.0,86.75,91.8400000000425,2022-06-09,549.15796,0.3546358,1.8438996,32.698273,-1.7621309,-1.8208336
0.0,86.6875,92.08000000004256,2022-06-08,544.9842,0.35145286,1.8359295,32.68112,-1.7616574,-2.8687503
0.0,86.625,93.60000000004275,2022-06-07,528.13666,0.34514427,1.8384713,32.644463,-1.7592831,-2.1583333
0.0,86.625,95.28000000004306,2022-06-06,525.9756,0.34522277,1.852517,32.628803,-1.758229,-0.8999999
0.0,86.5625,95.76000000004308,2022-06-05,528.77936,0.34886646,1.8482138,32.66293,-1.7587119,-2.6479166
0.0,86.5625,96.08000000004311,2022-06-04,543.0611,0.35055745,1.8393937,32.66825,-1.7589347,-3.96875
0.0,86.5625,96.64000000004324,2022-06-03,549.9024,0.344898,1.8086627,32.68626,-1.7566615,-4.0812497
0.0,86.625,97.20000000004336,2022-06-02,564.6673,0.3433352,1.789689,32.67281,-1.7584935,-4.69375
0.0,86.625,98.00000000004344,2022-06-01,556.67175,0.3380838,1.7849659,32.689823,-1.7594374,-3.9604166
0.0,86.625,98.40000000004352,2022-05-31,539.50836,0.33586153,1.7862161,32.70299,-1.7595482,-3.29375
0.0,86.625,98.40000000004352,2022-05-30,526.3622,0.33727488,1.7953782,32.71445,-1.7598913,-2.6604166
0.0,86.6875,98.72000000004356,2022-05-29,540.91626,0.3386268,1.8032316,32.770336,-1.7643363,-3.0354166
0.0,86.75,99.60000000004368,2022-05-28,541.20056,0.33173615,1.7953109,32.76504,-1.7655945,-7.1374993
0.0,86.75,100.48000000004384,2022-05-27,518.63495,0.32299587,1.7730281,32.78977,-1.7661145,-7.9125
0.0,86.75,100.64000000004388,2022-05-26,504.235,0.3221418,1.7627821,32.799816,-1.7630745,-7.2791657
0.0,86.75,100.00000000004376,2022-05-25,507.4275,0.3213421,1.7531049,32.801178,-1.7635597,-6.8541665
0.0,86.8125,98.96000000004358,2022-05-24,513.97894,0.3223572,1.7540017,32.773693,-1.7658207,-7.1166673
0.0,86.8125,98.64000000004351,2022-05-23,499.98352,0.31269753,1.7444583,32.785892,-1.7661898,-8.702084
0.0,86.8125,99.5200000000437,2022-05-22,467.8162,0.30640623,1.758474,32.883675,-1.7695069,-8.1375
0.0,86.8125,100.72000000004392,2022-05-21,456.6624,0.30192304,1.7667258,32.885128,-1.7705504,-9.34375
0.0,86.875,101.360000000044,2022-05-20,462.94208,0.30482098,1.7665403,32.867123,-1.7701209,-11.045834
0.0,86.8125,101.28000000004396,2022-05-19,433.3409,0.2972353,1.7622313,32.892292,-1.7700174,-10.785416
0.0,86.875,100.1600000000438,2022-05-18,445.39618,0.30318752,1.76986,32.882275,-1.7697121,-10.483335
0.0,86.875,99.5200000000437,2022-05-17,436.55792,0.30032304,1.7765201,32.893642,-1.7713829,-9.891667
0.0,86.9375,99.68000000004372,2022-05-16,442.43475,0.29601526,1.7797259,32.88234,-1.7711293,-10.116668
0.0,86.9375,100.56000000004384,2022-05-15,407.70663,0.28469366,1.769537,32.855633,-1.7681624,-10.087501
0.0,87.0,101.04000000004396,2022-05-14,404.90082,0.2855536,1.77254,32.846733,-1.7670511,-9.218751
0.0,87.0,102.00000000004412,2022-05-13,387.66403,0.27931836,1.777169,32.845192,-1.7673705,-8.695833
0.0,87.0,103.68000000004434,2022-05-12,362.10907,0.27064398,1.7862047,32.846718,-1.7678108,-9.410417
0.0,86.9375,105.44000000004462,2022-05-11,320.72662,0.2626734,1.7838718,32.87177,-1.7690998,-10.049999
0.0,86.875,107.2000000000449,2022-05-10,301.02728,0.25886214,1.7817087,32.910744,-1.7722424,-10.843751
0.0,86.8125,108.56000000004508,2022-05-09,298.3793,0.25786608,1.7827556,32.96165,-1.7759311,-12.635417
0.0,86.75,109.60000000004528,2022-05-08,299.9679,0.25635692,1.772441,32.951347,-1.7736106,-9.329167
0.0,86.625,109.68000000004533,2022-05-07,280.02176,0.24794939,1.7581427,33.019424,-1.7779998,-8.147916
0.0,86.5,109.60000000004528,2022-05-06,271.9459,0.23602596,1.7515813,33.065044,-1.780931,-9.977084
0.0,86.5,109.92000000004532,2022-05-05,306.20895,0.23379812,1.7616917,33.079075,-1.7815034,-13.364582
0.0,86.4375,110.80000000004544,2022-05-04,304.22357,0.2303516,1.7687548,33.12759,-1.7815017,-13.335418
0.0,86.375,112.48000000004572,2022-05-03,292.5322,0.22500356,1.7753124,33.188896,-1.7829703,-13.995834
0.0,86.375,113.76000000004592,2022-05-02,301.58252,0.22404929,1.7794136,33.218784,-1.7831547,-13.616668
0.0,86.375,114.56000000004605,2022-05-01,317.10095,0.21990457,1.7800841,33.227318,-1.785239,-18.043749
0.0,86.3125,115.68000000004622,2022-04-30,302.13892,0.21605505,1.7759333,33.259827,-1.7868176,-17.804167
0.0,86.3125,116.40000000004636,2022-04-29,303.77032,0.21620893,1.7725669,33.26726,-1.7868953,-18.5875
0.0,86.1875,117.04000000004646,2022-04-28,266.66513,0.2110254,1.755366,33.297207,-1.7885913,-19.36875
0.0,86.125,117.84000000004652,2022-04-27,262.32535,0.20946944,1.7546058,33.322247,-1.7891221,-16.589582
0.0,86.0625,118.40000000004665,2022-04-26,266.42264,0.2088027,1.7543404,33.34241,-1.7913228,-18.572916
0.0,86.0625,119.20000000004676,2022-04-25,294.98492,0.21057819,1.7593555,33.348705,-1.7919523,-24.764582
0.0,86.0625,120.16000000004692,2022-04-24,303.1329,0.21108222,1.7624204,33.28739,-1.7901335,-25.133331
0.0,86.0625,120.72000000004698,2022-04-23,300.14383,0.21076365,1.7550962,33.28608,-1.7897272,-24.13125
0.0,86.0625,121.04000000004704,2022-04-22,291.4555,0.21014246,1.7485884,33.283573,-1.789361,-22.689583
0.0,86.125,122.16000000004726,2022-04-21,310.18866,0.21158081,1.7514853,33.260284,-1.7867843,-21.239584
0.0,86.0625,123.44000000004746,2022-04-20,282.4634,0.20646194,1.7443758,33.28579,-1.788413,-20.489584
0.0,86.0625,124.08000000004756,2022-04-19,277.79333,0.2067511,1.7380884,33.284313,-1.7892233,-19.054167
0.0,86.0625,124.4800000000476,2022-04-18,284.19608,0.20961773,1.7343905,33.282303,-1.7890682,-18.564583
0.0,86.0,124.72000000004766,2022-04-17,277.9676,0.20814925,1.7282871,33.31495,-1.791312,-19.216667
0.0,85.9375,124.88000000004764,2022-04-16,272.60956,0.20570263,1.7217021,33.33521,-1.7935357,-22.94375
0.0,85.875,125.04000000004773,2022-04-15,266.02927,0.20478603,1.7164568,33.353313,-1.7947954,-23.491667
0.0,85.875,125.04000000004773,2022-04-14,286.66528,0.20894057,1.7143512,33.35013,-1.7940948,-23.110415
0.0,85.8125,125.04000000004773,2022-04-13,285.58392,0.20779036,1.7071017,33.367455,-1.7944621,-23.983335
0.0,85.8125,125.20000000004768,2022-04-12,299.29285,0.20865023,1.7053185,33.365395,-1.793984,-24.858335
0.0,85.8125,125.44000000004776,2022-04-11,300.4853,0.20867018,1.7014967,33.362957,-1.7940642,-24.491667
0.0,85.8125,125.52000000004772,2022-04-10,300.23932,0.20896544,1.6952142,33.39094,-1.7958692,-24.183334
0.0,85.75,125.84000000004778,2022-04-09,278.164,0.20508593,1.6865469,33.408436,-1.7967618,-24.016668
0.0,85.75,126.08000000004785,2022-04-08,285.76108,0.20721462,1.6817217,33.40582,-1.796922,-22.402084
0.0,85.6875,126.08000000004785,2022-04-07,274.82733,0.20584041,1.671795,33.422504,-1.7976335,-23.25625
0.0,85.6875,126.00000000004786,2022-04-06,288.27692,0.20795143,1.6651039,33.420216,-1.797569,-23.993752
0.0,85.6875,125.84000000004778,2022-04-05,292.06592,0.20776552,1.655922,33.41816,-1.7978975,-24.556252
0.0,85.6875,126.16000000004784,2022-04-04,285.79477,0.20609337,1.651937,33.41616,-1.7982018,-24.137499
0.0,85.625,126.88000000004796,2022-04-03,262.74155,0.20277771,1.6492168,33.410934,-1.7979959,-21.585413
0.0,85.5625,127.6800000000481,2022-04-02,263.53207,0.20115362,1.6458894,33.42417,-1.7992147,-20.577082
0.0,85.5,128.2400000000482,2022-04-01,267.0501,0.19994944,1.6384087,33.437817,-1.800667,-21.966665
0.0,85.4375,128.72000000004823,2022-03-31,267.79388,0.20020416,1.6317796,33.45092,-1.8016505,-23.852083
0.0,85.4375,129.92000000004845,2022-03-30,298.16858,0.20531143,1.6367625,33.451305,-1.8017904,-23.316666
0.0,85.375,131.60000000004868,2022-03-29,305.04626,0.20498256,1.6377943,33.464058,-1.8032199,-22.060417
0.0,85.3125,133.12000000004895,2022-03-28,308.69873,0.20464057,1.6329031,33.47037,-1.8046466,-20.697918
0.0,85.3125,133.84000000004903,2022-03-27,325.87286,0.20851253,1.6229135,33.44676,-1.8038071,-21.872917
0.0,85.25,134.24000000004912,2022-03-26,312.60248,0.20572813,1.6109691,33.449604,-1.8047659,-24.789583
0.0,85.25,134.88000000004922,2022-03-25,329.6234,0.20954938,1.6106412,33.442886,-1.8047605,-23.031252
0.0,85.1875,135.52000000004932,2022-03-24,320.2401,0.20444499,1.6062617,33.439953,-1.8045436,-24.472916
0.0,85.125,136.16000000004942,2022-03-23,306.142,0.20327081,1.5991551,33.435825,-1.8040388,-22.108332
0.0,85.0625,136.72000000004948,2022-03-22,308.45193,0.20431985,1.5922967,33.430748,-1.803622,-23.025
0.0,85.0625,137.04000000004953,2022-03-21,338.03537,0.20916866,1.5880581,33.418236,-1.8024493,-22.70208
0.0,85.0,137.04000000004953,2022-03-20,323.48706,0.20263432,1.5783956,33.44193,-1.8027418,-24.495832
0.0,85.0625,136.80000000004952,2022-03-19,346.99182,0.20865272,1.5751007,33.43084,-1.8025242,-25.058332
0.0,85.0625,136.16000000004942,2022-03-18,332.292,0.20494129,1.5667353,33.435005,-1.8025737,-19.977081
0.0,85.0625,134.6400000000492,2022-03-17,298.09903,0.1974105,1.5588045,33.44372,-1.8017436,-11.233335
0.0,85.0625,132.96000000004892,2022-03-16,263.3817,0.18188758,1.5526607,33.443287,-1.80063,-19.497915
0.0,85.0625,131.28000000004863,2022-03-15,256.674,0.17737667,1.5416301,33.439682,-1.7999638,-21.354166
0.0,85.0625,130.72000000004857,2022-03-14,261.48462,0.17608461,1.538045,33.433865,-1.8002938,-21.672918
0.0,85.0625,130.8000000000486,2022-03-13,261.94193,0.17322025,1.5351868,33.433273,-1.8014864,-27.393751
0.0,85.0,130.8800000000486,2022-03-12,225.07704,0.16855313,1.5219972,33.43839,-1.8024336,-28.454165
0.0,84.9375,130.8800000000486,2022-03-11,209.26009,0.16778742,1.5118047,33.444595,-1.8032091,-26.89583
0.0,84.875,131.12000000004866,2022-03-10,207.19063,0.16624717,1.5051271,33.454025,-1.8041629,-27.875002
0.0,84.8125,131.04000000004862,2022-03-09,195.97672,0.16495742,1.4927012,33.45996,-1.8050339,-26.693747
0.0,84.8125,130.56000000004855,2022-03-08,204.08536,0.16666725,1.4819655,33.453773,-1.8049178,-27.231249
0.0,84.8125,130.32000000004848,2022-03-07,218.3206,0.16765839,1.4766572,33.450645,-1.805393,-27.333336
0.0,84.8125,130.40000000004852,2022-03-06,230.44983,0.16723786,1.4722934,33.4281,-1.8037596,-27.039583
0.0,84.8125,130.56000000004855,2022-03-05,225.43747,0.16522509,1.4651617,33.4243,-1.8037391,-25.193754
0.0,84.875,130.8000000000486,2022-03-04,230.36296,0.165654,1.4610106,33.405857,-1.8027387,-26.481249
0.0,84.875,131.20000000004865,2022-03-03,211.07513,0.16382524,1.4538629,33.4033,-1.8024666,-26.779167
0.0,84.8125,131.60000000004868,2022-03-02,182.63177,0.1618726,1.442547,33.4127,-1.8029524,-26.372915
0.0,84.8125,131.68000000004872,2022-03-01,178.53806,0.16273879,1.4344175,33.40674,-1.8026254,-25.762499
0.0,84.75,132.0800000000488,2022-02-28,168.77956,0.16200516,1.4270456,33.41726,-1.803628,-23.481249
0.0,84.6875,132.64000000004887,2022-02-27,169.32466,0.15774032,1.4239621,33.39804,-1.8019896,-21.785418
0.0,84.6875,132.88000000004888,2022-02-26,175.20778,0.15322706,1.4162991,33.39187,-1.801806,-25.649996
0.0,84.625,133.12000000004895,2022-02-25,168.943,0.1519795,1.409425,33.399372,-1.8019584,-27.339582
0.0,84.5625,133.52000000004898,2022-02-24,173.19215,0.15056957,1.4055822,33.400265,-1.801858,-29.854158
0.0,84.5,134.0800000000491,2022-02-23,174.32149,0.14977661,1.4032086,33.399208,-1.8013333,-30.24792
0.0,84.4375,134.48000000004913,2022-02-22,173.1377,0.14988519,1.399737,33.40022,-1.8012123,-28.216667
0.0,84.3125,134.6400000000492,2022-02-21,162.39969,0.14923172,1.3913374,33.413025,-1.8020341,-25.400003
0.0,84.1875,134.56000000004917,2022-02-20,157.8201,0.14860131,1.3828939,33.43943,-1.8025557,-25.133333
0.0,84.0625,134.48000000004913,2022-02-19,152.06007,0.14725569,1.3718222,33.466816,-1.8020082,-23.72917
0.0,84.0625,134.0800000000491,2022-02-18,166.333,0.14804243,1.3687316,33.4695,-1.8017038,-22.081251
0.0,84.0625,133.440000000049,2022-02-17,174.12221,0.1483367,1.3579772,33.476963,-1.8020335,-21.693748
0.0,84.125,132.48000000004885,2022-02-16,179.9194,0.14899309,1.3514551,33.47777,-1.8035581,-16.18125
0.0,84.125,131.84000000004875,2022-02-15,166.69923,0.14648153,1.3408616,33.49352,-1.8047826,-13.233333
0.0,84.125,131.28000000004863,2022-02-14,158.60466,0.14407328,1.3333219,33.504032,-1.806009,-15.193751
0.0,84.125,130.8000000000486,2022-02-13,154.51918,0.1411111,1.3262998,33.519104,-1.8068447,-13.458333
0.0,84.0625,130.56000000004855,2022-02-12,142.71432,0.13654993,1.316139,33.537,-1.8070189,-14.802082
0.0,84.0625,130.48000000004856,2022-02-11,148.97913,0.13488154,1.3218178,33.535862,-1.8066006,-15.550002
0.0,84.0,130.56000000004855,2022-02-10,146.07617,0.13246253,1.3137951,33.548786,-1.8058772,-18.533333
0.0,83.9375,130.56000000004855,2022-02-09,135.97893,0.13058957,1.302945,33.561703,-1.8055927,-22.170832
0.0,83.875,130.40000000004852,2022-02-08,127.50362,0.12946038,1.2959172,33.573288,-1.805325,-24.543747
0.0,83.875,130.2400000000485,2022-02-07,135.48683,0.12850115,1.2994977,33.57219,-1.8054365,-23.654167
0.0,83.9375,129.92000000004845,2022-02-06,159.53595,0.13012217,1.3084395,33.55293,-1.8063941,-24.92917
0.0,83.9375,129.68000000004838,2022-02-05,156.82628,0.1293807,1.2973056,33.553402,-1.8068212,-23.883331
0.0,83.9375,129.68000000004838,2022-02-04,146.90762,0.12756865,1.2833898,33.551815,-1.8064114,-22.135416
0.0,83.875,129.68000000004838,2022-02-03,126.581924,0.12513448,1.2633746,33.563396,-1.8059281,-20.752085
0.0,83.875,129.5200000000484,2022-02-02,128.72711,0.12439482,1.2598258,33.562313,-1.806057,-19.995832
0.0,83.8125,129.44000000004837,2022-02-01,124.29032,0.12306393,1.2448436,33.57272,-1.8052518,-18.085417
0.0,83.8125,129.6000000000484,2022-01-31,133.01497,0.12167062,1.2434107,33.568268,-1.8049141,-18.972918
0.0,83.8125,129.68000000004838,2022-01-30,139.58195,0.120889574,1.235627,33.57114,-1.8043457,-20.614582
0.0,83.75,129.44000000004837,2022-01-29,127.10899,0.12081998,1.2218764,33.578575,-1.8026903,-19.585415
0.0,83.6875,129.28000000004835,2022-01-28,116.062225,0.1203685,1.2216401,33.57599,-1.7995098,-15.041668
0.0,83.625,129.5200000000484,2022-01-27,111.20764,0.11632733,1.2251308,33.55318,-1.7966222,-19.145834
0.0,83.5,129.6000000000484,2022-01-26,101.93207,0.11530688,1.2246398,33.476826,-1.7923251,-22.664583
0.0,83.4375,129.44000000004837,2022-01-25,100.27118,0.11252547,1.2219877,33.43367,-1.7904772,-25.220833
0.0,83.375,129.44000000004837,2022-01-24,101.79702,0.11161702,1.2186383,33.375813,-1.7899886,-23.966667
0.0,83.375,129.5200000000484,2022-01-23,110.29226,0.11056688,1.222299,33.376625,-1.7903788,-25.464586
0.0,83.3125,129.6000000000484,2022-01-22,107.8391,0.10916851,1.2115223,33.301422,-1.7888908,-25.839582
0.0,83.25,129.84000000004846,2022-01-21,103.23718,0.10764159,1.2018124,33.212406,-1.7860667,-24.4625
0.0,83.1875,129.68000000004838,2022-01-20,99.347664,0.1060064,1.1938846,33.15051,-1.7830322,-25.035418
0.0,83.0625,128.9600000000483,2022-01-19,93.10985,0.106585786,1.174128,33.06815,-1.7787046,-26.1875
0.0,82.9375,128.08000000004813,2022-01-18,88.77178,0.10737771,1.1539974,33.034725,-1.7762706,-22.18542
0.0,82.8125,127.52000000004809,2022-01-17,86.11405,0.10722962,1.1396117,32.990726,-1.7769154,-21.40833
0.0,82.75,127.36000000004805,2022-01-16,86.34997,0.10674913,1.140732,32.8662,-1.7736832,-23.910414
0.0,82.6875,127.52000000004809,2022-01-15,86.46894,0.10572816,1.1399853,32.849907,-1.772861,-26.856249
0.0,82.625,127.60000000004813,2022-01-14,85.5813,0.10523582,1.1336249,32.845875,-1.772935,-26.831251
0.0,82.625,127.60000000004813,2022-01-13,87.87052,0.104263656,1.1338774,32.83068,-1.7720146,-24.797913
0.0,82.625,127.6800000000481,2022-01-12,91.75273,0.102875106,1.1335026,32.81075,-1.7709417,-26.637499
0.0,82.5625,128.00000000004815,2022-01-11,89.30461,0.10237802,1.1215795,32.800873,-1.7702076,-25.264582
0.0,82.5,128.16000000004817,2022-01-10,84.76137,0.10069897,1.1036094,32.807514,-1.7708231,-25.312502
0.0,82.4375,127.84000000004812,2022-01-09,81.04521,0.09943453,1.0853031,32.835384,-1.7726295,-29.6
0.0,82.3125,127.76000000004808,2022-01-08,77.52063,0.099821925,1.0677418,32.890923,-1.7754506,-29.274996
0.0,82.1875,127.60000000004813,2022-01-07,75.404236,0.100143194,1.0527891,32.924343,-1.7762617,-29.983335
0.0,82.1875,127.20000000004802,2022-01-06,75.190506,0.09910845,1.0471051,32.918613,-1.775986,-30.622917
0.0,82.1875,127.12000000004798,2022-01-05,76.478325,0.09763584,1.0399449,32.912346,-1.7746949,-27.15625
0.0,82.1875,127.6800000000481,2022-01-04,75.69997,0.09574232,1.038435,32.903847,-1.7724549,-24.849998
0.0,82.125,128.2400000000482,2022-01-03,72.73829,0.093890205,1.0297613,32.90211,-1.7707007,-21.956251
0.0,82.125,128.3200000000482,2022-01-02,72.76517,0.08740901,1.0238956,32.89249,-1.7706417,-26.266665
0.0,82.125,128.3200000000482,2022-01-01,73.321075,0.08653488,1.0149468,32.883713,-1.7702187,-28.558334
0.0,82.0625,128.16000000004817,2021-12-31,70.50936,0.08689322,0.9955839,32.88314,-1.7702664,-26.106249
0.0,82.0,128.00000000004815,2021-12-30,68.527245,0.08695882,0.98212427,32.877636,-1.7694813,-23.543747
0.0,82.0,127.84000000004812,2021-12-29,68.18372,0.086568706,0.97547996,32.873554,-1.7698092,-24.68542
0.0,82.0,127.76000000004808,2021-12-28,67.53058,0.08630503,0.9677644,32.86838,-1.7699662,-24.647917
0.0,82.0625,127.92000000004816,2021-12-27,69.108604,0.08458819,0.9694318,32.853447,-1.7701682,-24.912498
0.0,82.125,128.00000000004815,2021-12-26,70.7514,0.08387582,0.96399784,32.83165,-1.7697469,-23.424997
0.0,82.25,127.84000000004812,2021-12-25,76.99405,0.083992325,0.9627732,32.748013,-1.7663805,-21.4375
0.0,82.3125,127.84000000004812,2021-12-24,73.2464,0.08382278,0.94442403,32.677948,-1.7635167,-25.239584
0.0,82.3125,127.92000000004816,2021-12-23,64.76459,0.08387058,0.9177217,32.670326,-1.7625487,-29.141665
0.0,82.25,128.16000000004817,2021-12-22,60.27061,0.084065534,0.88998145,32.718597,-1.7638041,-28.637497
0.0,82.25,128.40000000004818,2021-12-21,59.25502,0.08308632,0.88151544,32.693092,-1.7626951,-26.291664
0.0,82.3125,128.56000000004826,2021-12-20,60.404053,0.07956993,0.8837312,32.586964,-1.7591083,-27.135414
0.0,82.375,128.2400000000482,2021-12-19,61.80875,0.0798113,0.87637675,32.564762,-1.7581146,-22.064583
0.0,82.375,127.76000000004808,2021-12-18,58.730587,0.07879718,0.85474604,32.571827,-1.7581553,-18.927082
0.0,82.375,127.12000000004798,2021-12-17,55.741806,0.07760563,0.8334708,32.640095,-1.7598252,-22.037498
0.0,82.25,127.040000000048,2021-12-16,53.128605,0.07651508,0.80605817,32.758617,-1.759781,-26.799997
0.0,82.0625,127.20000000004802,2021-12-15,51.903915,0.07641068,0.78381044,32.78276,-1.7546829,-26.391663
0.0,81.875,126.88000000004796,2021-12-14,50.820747,0.07534579,0.76664567,32.697063,-1.7544149,-27.554169
0.0,81.75,126.08000000004785,2021-12-13,49.71329,0.07413713,0.7528821,32.618076,-1.7557573,-29.102083
0.0,81.75,125.1200000000477,2021-12-12,48.7257,0.07220917,0.7445775,32.578846,-1.7550204,-29.18958
0.0,81.75,124.64000000004762,2021-12-11,47.85601,0.071739,0.7331026,32.549194,-1.7545384,-30.24375
0.0,81.75,124.80000000004765,2021-12-10,46.95316,0.071782164,0.71723354,32.535652,-1.7548003,-31.27083
0.0,81.6875,125.1200000000477,2021-12-09,45.88683,0.07218489,0.68875664,32.501915,-1.7540792,-31.964582
0.0,81.5625,125.28000000004772,2021-12-08,44.78454,0.072917975,0.6602754,32.449966,-1.7512594,-30.618746
0.0,81.5625,125.1200000000477,2021-12-07,43.738373,0.071548924,0.6539278,32.437405,-1.7502612,-28.272919
0.0,81.5625,124.96000000004769,2021-12-06,42.813625,0.070062466,0.6461888,32.425552,-1.7486286,-23.050001
0.0,81.625,125.04000000004773,2021-12-05,42.111923,0.06671215,0.64658576,32.48425,-1.7505398,-21.077082
0.0,81.625,125.28000000004772,2021-12-04,41.2336,0.060185343,0.63855183,32.46993,-1.7493253,-25.779165
0.0,81.625,125.44000000004776,2021-12-03,40.062016,0.056898933,0.62132066,32.46068,-1.7496479,-28.643753
0.0,81.625,125.52000000004772,2021-12-02,38.970367,0.056139328,0.6036591,32.45145,-1.7493874,-27.668747
0.0,81.625,125.7600000000478,2021-12-01,37.939045,0.055229448,0.5866263,32.430714,-1.7488948,-29.01667
0.0,81.5625,126.24000000004789,2021-11-30,36.918125,0.055372816,0.57201767,32.376694,-1.7453533,-26.568748
0.0,81.5,126.80000000004792,2021-11-29,35.998184,0.054941207,0.56082493,32.33388,-1.7426842,-23.716667
0.0,81.375,127.36000000004805,2021-11-28,34.990612,0.05475686,0.5462531,32.28202,-1.7368293,-22.841667
0.0,81.25,128.00000000004815,2021-11-27,33.999737,0.054572664,0.53375494,32.151657,-1.73247,-21.1125
0.0,81.125,128.56000000004826,2021-11-26,33.042515,0.053618472,0.5196572,31.91623,-1.7212269,-22.810417
0.0,81.0,128.8800000000483,2021-11-25,32.021824,0.052753832,0.5004762,31.655674,-1.7086821,-25.077082
0.0,80.9375,129.04000000004828,2021-11-24,31.044792,0.05243747,0.48575318,31.493801,-1.6997774,-22.289587
0.0,80.875,128.8800000000483,2021-11-23,29.969252,0.050530598,0.46855152,31.389486,-1.6943518,-22.220833
0.0,80.8125,128.64000000004825,2021-11-22,28.83253,0.04943058,0.4484553,31.30581,-1.6899827,-23.504168
0.0,80.75,128.56000000004826,2021-11-21,27.877663,0.04955822,0.43236935,31.257324,-1.6861111,-20.75
0.0,80.625,128.8800000000483,2021-11-20,26.926504,0.049583673,0.41511872,31.265944,-1.6852349,-16.254168
0.0,80.625,128.8800000000483,2021-11-19,25.934164,0.04476505,0.4020758,31.21637,-1.6841493,-18.977083
0.0,80.625,128.80000000004827,2021-11-18,24.790201,0.04332911,0.38070145,31.178963,-1.6831502,-22.222916
0.0,80.625,128.80000000004827,2021-11-17,23.83265,0.04300192,0.3699602,31.16808,-1.6812407,-17.247915
0.0,80.5,128.8800000000483,2021-11-16,22.927034,0.04123048,0.35009867,31.371609,-1.6899294,-15.59375
0.0,80.3125,128.9600000000483,2021-11-15,22.058386,0.04187906,0.32552657,31.68667,-1.6940386,-14.920834
0.0,80.1875,128.40000000004818,2021-11-14,21.055132,0.04063635,0.29918647,31.85672,-1.6864378,-15.625
0.0,80.0625,128.08000000004813,2021-11-13,20.088686,0.041205633,0.28176078,31.951578,-1.6679105,-15.677085
0.0,79.9375,128.00000000004815,2021-11-12,19.19783,0.041747164,0.27219287,31.938032,-1.6485728,-13.602082
0.0,79.875,127.60000000004813,2021-11-11,18.189804,0.039393432,0.26121134,31.88034,-1.6595516,-15.631251
0.0,79.75,127.44000000004804,2021-11-10,17.221354,0.039452925,0.24888787,31.642849,-1.6853998,-15.287501
0.0,79.5625,127.6800000000481,2021-11-09,16.430796,0.040188327,0.23746936,31.209543,-1.6704626,-12.387501
0.0,79.4375,127.84000000004812,2021-11-08,15.45267,0.035268173,0.2271536,31.026447,-1.6327397,-12.960416
0.0,79.25,127.6800000000481,2021-11-07,14.512943,0.034983017,0.21335281,30.857153,-1.613983,-14.254166
0.0,79.0,127.44000000004804,2021-11-06,13.675114,0.03467995,0.20261979,30.86893,-1.62452,-13.266666
0.0,78.875,127.44000000004804,2021-11-05,12.628044,0.029238377,0.1931914,30.882105,-1.639603,-13.552085
0.0,78.9375,127.040000000048,2021-11-04,11.365885,0.023034945,0.181388,30.796856,-1.6397252,-15.208332
0.0,79.0,126.960000000048,2021-11-03,10.179908,0.019036336,0.16776036,30.736443,-1.6322068,-15.779164
0.0,79.0,127.28000000004806,2021-11-02,9.396939,0.018033883,0.1524933,30.689718,-1.6245941,-13.218751
0.0,78.9375,127.44000000004804,2021-11-01,8.437817,0.017301202,0.13990068,30.648212,-1.6341211,-10.187501
0.0,78.9375,127.52000000004809,2021-10-31,7.3592324,0.015640913,0.12642595,30.64057,-1.6369619,-10.508333
0.0,78.8125,127.84000000004812,2021-10-30,6.3704734,0.013441371,0.109282345,30.6026,-1.6311858,-10.304168
0.0,78.75,128.40000000004818,2021-10-29,5.4188414,0.009697085,0.093299694,30.533062,-1.614213,-8.506249
0.0,78.625,128.64000000004825,2021-10-28,4.4242573,0.0072971447,0.084694825,30.462261,-1.6059737,-8.616667
0.0,78.5625,128.56000000004826,2021-10-27,3.3706408,0.00504078,0.074725784,30.409866,-1.6320609,-8.920835
0.0,78.5625,128.40000000004818,2021-10-26,2.1021912,0.0023921158,0.048954155,30.39443,-1.6485797,-7.735417
0.0,78.625,128.48000000004822,2021-10-25,0.8552339,0.0004664376,0.015238385,30.411001,-1.6683078,-8.683332
0.0,78.625,128.56000000004826,2021-10-24,0.66051805,0.00012140809,0.0013589141,30.27084,-1.351316,-7.9708333
0.0,78.625,128.56000000004826,2021-10-24 00:00:00,0.6605180501937866,0.0001214080912177451,0.001358914072625339,30.27083969116211,-1.351315975189209,-7.9708333015441895
